Season,Festival Impact Score
Autumn,0.8802233798665872
Autumn,0.7171177738330097
Winter,0.8852394718826939
Summer,0.7620093549994564
Summer,0.9036717429181157
Winter,0.9118565390756036
Spring,0.9644546125566518
Winter,0.7440543187079868
Spring,0.7388964156656184
Summer,0.9923047162625088
Summer,0.8895096251719742
Autumn,0.7685066055856785
Autumn,0.8598053730349225
Autumn,0.7325462532854583
Summer,0.9688334039361897
Autumn,0.9482037528618944
Spring,0.9919113489054171
Summer,0.847408019943663
Winter,0.9763069129990629
Summer,0.7999288982343318
Autumn,0.9015455124550804
Winter,0.8753905016172261
Spring,0.7376889323340147
Winter,0.9396615222167265
Summer,0.8529606299397227
Autumn,0.8458300248872759
Spring,0.827260502128135
Winter,0.8321645757396207
Spring,0.740494167062249
Spring,0.8173642866015239
Winter,0.9403021390135055
Autumn,0.950460566824068
Spring,0.8998456498475542
Autumn,0.9716632934245104
Autumn,0.7367372915716551
Autumn,0.8395013985958057
Autumn,0.9093938651952129
Winter,0.7820289650132951
Winter,0.8110068780026366
Winter,0.7207676286827476
Winter,0.8261733571253346
Autumn,0.9953432887513443
Summer,0.9001196010120912
Autumn,0.8299113100078223
Autumn,0.9758930998989759
Winter,0.7018557701933661
Autumn,0.8703196930255512
Summer,0.7599257520764254
Autumn,0.7403339040682955
Winter,0.9043630029579067
Winter,0.9029353981320491
Spring,0.7130476477993503
Spring,0.7844660366407201
Autumn,0.9578416571887607
Autumn,0.7396594068350117
Autumn,0.8542060406544938
Autumn,0.9167525090681303
Summer,0.8794630319109004
Spring,0.9405109597438103
Summer,0.90744087461561
Winter,0.714078453445899
Autumn,0.8684086873111027
Winter,0.9323171127141056
Spring,0.8302436702154239
Autumn,0.8718807920335089
Summer,0.7887857010285566
Spring,0.8106462291727772
Winter,0.9517923443412453
Autumn,0.7566907153407685
Spring,0.9169572775838074
Winter,0.7545244836065336
Autumn,0.8649021231210171
Winter,0.991430343314879
Winter,0.7539533938469202
Winter,0.748388880220766
Winter,0.851160679066734
Summer,0.9825230568716206
Summer,0.7490081227585893
Autumn,0.7288858599383162
Summer,0.9650726586455503
Autumn,0.9735906353095206
Spring,0.8057741724856409
Summer,0.9022825280382637
Autumn,0.7121866052579646
Autumn,0.7899994941326117
Autumn,0.9308416768971117
Autumn,0.9800835242478323
Summer,0.8270301747622976
Winter,0.750777583531076
Autumn,0.9331919042704285
Autumn,0.7824904247338755
Autumn,0.9222843131595945
Winter,0.8576524126042635
Spring,0.7720909667580136
Spring,0.9993776511947526
Autumn,0.9108310313870076
Autumn,0.822396819327738
Autumn,0.8841469928796595
Summer,0.786632576766777
Autumn,0.8232506764310269
Autumn,0.9164265572459236
Spring,0.9942208786582275
Winter,0.8660585252752991
Winter,0.9025229558179957
Autumn,0.719920731036244
Winter,0.7682100723675296
Autumn,0.7602799433216237
Spring,0.7078280401672205
Autumn,0.87698462628983
Summer,0.784059658902794
Winter,0.8746673538560423
Summer,0.892063448020671
Spring,0.7636141734011935
Summer,0.8245685044983712
Winter,0.8935803134600219
Winter,0.8024265633015677
Autumn,0.708410720172397
Winter,0.9969225974404079
Spring,0.7254272559558775
Winter,0.7651210235889685
Spring,0.8022114385614793
Spring,0.7839150667289865
Summer,0.8446282319005974
Winter,0.9627270506029516
Spring,0.9552832554738003
Spring,0.9290719789185792
Autumn,0.9404836621515917
Spring,0.930023108083471
Winter,0.9474926774161586
Spring,0.8093218104025517
Autumn,0.7021404072084437
Autumn,0.8244209698607854
Spring,0.9835664132488345
Spring,0.9147395127530775
Spring,0.9740216156632396
Summer,0.8190025896348111
Spring,0.8292215069996145
Autumn,0.8076962544407312
Winter,0.7526863074551448
Spring,0.7614089917542095
Winter,0.9205516714295569
Summer,0.7086727393008729
Spring,0.7517047618090847
Winter,0.890309518157789
Autumn,0.9258090276779426
Autumn,0.8138420460775725
Autumn,0.9942834320355948
Spring,0.7694815643484053
Winter,0.7195495373595924
Winter,0.7549267279192766
Winter,0.847095613361772
Winter,0.9601214675046741
Autumn,0.8408696743466267
Winter,0.7584638379512706
Spring,0.8413835852793033
Winter,0.8797327312562269
Autumn,0.8117611966739949
Spring,0.9941925527918398
Summer,0.7870379680984437
Spring,0.9590544869086073
Summer,0.906950712237561
Spring,0.8624463677494499
Winter,0.902921528314599
Spring,0.9053006095418314
Spring,0.9330907527740567
Summer,0.7508594873950593
Summer,0.8089508488263515
Autumn,0.9964158446136941
Autumn,0.9061829055396381
Winter,0.8236182289248067
Summer,0.7703512866629919
Winter,0.8073303789151486
Spring,0.7328838324786136
Autumn,0.7478498545236673
Summer,0.838345381975627
Winter,0.9692517407913608
Spring,0.7326290986909675
Summer,0.9553705703194508
Summer,0.7835674109157982
Spring,0.905432312973404
Summer,0.7365842736045243
Spring,0.8273299663446934
Spring,0.8189939477831524
Summer,0.8614840129328156
Summer,0.7688092909054991
Summer,0.9105507898706252
Winter,0.8470284074199925
Summer,0.7589683142579778
Winter,0.9618903348746815
Autumn,0.7320128361443385
Autumn,0.9299973100882906
Summer,0.8000600984368736
Autumn,0.89879617255897
Winter,0.7439966555928548
Autumn,0.8852126618556966
Autumn,0.8151834103988742
Autumn,0.7961618438900778
Summer,0.8302316190695747
Autumn,0.9656579471374219
Spring,0.9785132105362431
Spring,0.8678690197613345
Summer,0.9942320439429596
Summer,0.8178065690144565
Spring,0.8771487611914195
Autumn,0.7770723769258822
Winter,0.8890683498926031
Winter,0.7212135220110442
Autumn,0.8657835859259447
Summer,0.955338286955939
Summer,0.8021992551334988
Summer,0.7255511363755414
Autumn,0.8405092497251899
Winter,0.8272652913174361
Spring,0.7202473650017557
Winter,0.9218996481216739
Summer,0.9430008847675659
Summer,0.7846633421754544
Autumn,0.9992431332179937
Winter,0.7195236635821884
Spring,0.9899416827186432
Autumn,0.8777090645766611
Autumn,0.9848090112843468
Autumn,0.8211350051613517
Winter,0.8098410759009396
Spring,0.8850963005757944
Winter,0.9293462716956137
Spring,0.9344369165410833
Spring,0.771986848069202
Spring,0.9508734519248275
Summer,0.8559595560144698
Summer,0.9740796142046241
Spring,0.9843038594746122
Winter,0.7596464588868855
Spring,0.8362316218600601
Summer,0.9101253304440629
Spring,0.7623418191303908
Autumn,0.7272618464658102
Spring,0.9954912824151385
Winter,0.785124834116416
Spring,0.8459411247729295
Spring,0.9895865252988097
Autumn,0.7355828094656702
Spring,0.9964454820136641
Autumn,0.8494444256395026
Winter,0.7419821557322286
Winter,0.8439297649645864
Summer,0.9770274718915926
Autumn,0.920268403466679
Summer,0.8488975610667185
Summer,0.8446381038407214
Winter,0.7917888733165455
Spring,0.8624693662391256
Spring,0.9553035292125232
Autumn,0.7996336300138516
Winter,0.7636642568669934
Spring,0.9013140030644653
Winter,0.8091613451385535
Winter,0.8481114120042772
Spring,0.7871895026886822
Autumn,0.9219035657004743
Summer,0.9609753534340926
Summer,0.8036213815525125
Summer,0.713155031822209
Autumn,0.7359875785078757
Summer,0.8079348639603657
Summer,0.711794604527346
Spring,0.7498587989273386
Autumn,0.7617520300817301
Winter,0.7109949121479495
Autumn,0.9842040969935885
Winter,0.9671929729087478
Spring,0.7909893646397537
Spring,0.9766436569227916
Summer,0.998919734679043
Summer,0.9246696637486427
Winter,0.9271071024217775
Autumn,0.8744708799050821
Spring,0.8942797768986295
Summer,0.7714666562372692
Spring,0.7391430329246096
Summer,0.777480321352245
Summer,0.9649444481109258
Winter,0.7805174794359391
Winter,0.7075903463665747
Spring,0.8168530712450705
Summer,0.7607181954765515
Autumn,0.7431639247849148
Summer,0.7622537606036041
Winter,0.8713498153598737
Winter,0.9851207082504854
Autumn,0.7598770986339416
Spring,0.9491144867783942
Winter,0.7559510178718565
Summer,0.943355145152789
Winter,0.7420591138092352
Winter,0.9049488968567443
Winter,0.8754735381144623
Autumn,0.8680960372490842
Summer,0.9199780297401704
Spring,0.8405597123740485
Spring,0.915015387574372
Summer,0.7138883647851144
Autumn,0.8278512990534931
Autumn,0.858826367095139
Summer,0.8695550334484302
Summer,0.8794806207149836
Spring,0.9544409074842477
Spring,0.9895306715283582
Summer,0.8725407050569135
Spring,0.7987333623517218
Spring,0.7858395602278738
Winter,0.9914473180112592
Summer,0.9642803365122535
Spring,0.8291355046388862
Summer,0.9326958311511697
Spring,0.7271396005663144
Winter,0.7741755720624627
Spring,0.7266058877428233
Autumn,0.8088624187689096
Winter,0.8417167251925138
Autumn,0.7624642437540552
Spring,0.8213216418984228
Winter,0.9734492701413907
Summer,0.7471511333478692
Autumn,0.7333058768727223
Winter,0.7890925957362694
Autumn,0.8750411460567945
Winter,0.7585870623404849
Autumn,0.8966346491900007
Autumn,0.7469605058156149
Winter,0.7839090943989324
Spring,0.7665834358285595
Winter,0.8603057758852248
Winter,0.9747052410613767
Winter,0.9832398859838265
Spring,0.9416703037295987
Winter,0.9285738263302936
Summer,0.9964222096886313
Spring,0.8128532918715807
Autumn,0.7894986404711506
Spring,0.8362773872824605
Autumn,0.7890327577734583
Winter,0.8024425176502182
Autumn,0.8734664301215053
Spring,0.8988720691396709
Autumn,0.8375811794304455
Autumn,0.828811390296194
Autumn,0.7042522771246927
Spring,0.7983412895333165
Spring,0.9132759790241918
Winter,0.8035266498242124
Autumn,0.7876301937921185
Spring,0.7408511617353594
Spring,0.9467566285730156
Spring,0.9601491870188708
Autumn,0.9118756152705454
Winter,0.8673225000459295
Winter,0.7047175906197426
Winter,0.9643450809664298
Autumn,0.9259698335303317
Summer,0.879321763148062
Winter,0.9381732715226107
Winter,0.7240144037715287
Spring,0.8972434563589816
Spring,0.8523530532384643
Summer,0.8698823425603252
Summer,0.8862638742695921
Winter,0.8815839432051893
Autumn,0.9583426949284081
Autumn,0.9503807901378072
Spring,0.9587025630857404
Winter,0.8863687167468831
Summer,0.8016971620838719
Winter,0.9597582938700604
Winter,0.7183286838749232
Winter,0.9158951591993045
Summer,0.7760373281125152
Autumn,0.9750524513005436
Summer,0.7223941427739167
Winter,0.900188015161419
Autumn,0.8300632194544474
Spring,0.9682386776616382
Spring,0.7305654897713942
Autumn,0.9617365914310038
Summer,0.8381618778040064
Summer,0.8068840061300799
Autumn,0.9175641681408118
Spring,0.9614091610748645
Spring,0.8331616529414307
Autumn,0.9947414361718483
Autumn,0.9593169859734118
Winter,0.7697773274476484
Spring,0.9594843545244888
Autumn,0.9808549419890537
Spring,0.7385178376665805
Summer,0.7926741303197347
Spring,0.809207418779817
Spring,0.7838035495783231
Winter,0.8628366417429532
Summer,0.8964202466439662
Summer,0.941184319694434
Summer,0.762864792640142
Winter,0.8368159698263672
Summer,0.8741752337682223
Summer,0.8622177173693218
Spring,0.8413018012121037
Summer,0.9533576495116626
Summer,0.9746922574896152
Winter,0.8117791282836347
Summer,0.7840444295426975
Summer,0.8154297280415854
Spring,0.7314479823869637
Autumn,0.8687042669261293
Winter,0.7424710886481031
Spring,0.9248532393618702
Summer,0.9498465685584574
Spring,0.9233167625422589
Autumn,0.7804025452063712
Spring,0.7848086743322261
Summer,0.908992019924379
Summer,0.9440330120474947
Autumn,0.8165862861805185
Winter,0.8300872312000406
Summer,0.9525663495828166
Spring,0.9525832454414774
Autumn,0.9717092522846169
Winter,0.9839058811673026
Spring,0.796094913736068
Spring,0.86285319936352
Summer,0.7865558047691831
Autumn,0.8724949832213859
Autumn,0.978248397861878
Winter,0.929462838101282
Autumn,0.7306709413008767
Winter,0.788021967895304
Summer,0.7999114274858818
Summer,0.8711494125132135
Summer,0.7626682632725836
Spring,0.9430918710193397
Spring,0.8779146323645088
Spring,0.8616110278784742
Spring,0.8229678169535878
Autumn,0.9508346788248498
Autumn,0.8600027314385148
Spring,0.9082460874516785
Spring,0.9398841033429618
Spring,0.9624995997410949
Autumn,0.7097945264844611
Summer,0.9352627893191701
Autumn,0.9215022060811721
Winter,0.9325975687567342
Spring,0.9063564334991371
Spring,0.7317668922994324
Summer,0.9880682395397238
Autumn,0.8134784046462167
Winter,0.7666872329074299
Summer,0.8625335616392633
Autumn,0.8334503859414484
Autumn,0.7831238722832339
Spring,0.9200955818775337
Autumn,0.911877025269642
Spring,0.984500925953271
Winter,0.9559442607576746
Winter,0.7532214789896106
Summer,0.8199786053946699
Spring,0.9004387500589727
Autumn,0.9430955390144158
Winter,0.8891095288369982
Spring,0.7794091760083118
Winter,0.7098713017531066
Summer,0.8221731683539975
Spring,0.7480669940161322
Autumn,0.8543483535032157
Winter,0.9175392534600728
Autumn,0.8417505182312907
Winter,0.764595220528018
Spring,0.8332748359015792
Spring,0.7276798331268417
Summer,0.9601754872485088
Autumn,0.8038399528150147
Spring,0.8478246414913471
Spring,0.9739892313526478
Autumn,0.9543049834466968
Summer,0.980262500208446
Summer,0.9197837069145595
Spring,0.8038629227726373
Winter,0.714462938538176
Winter,0.7880511993442532
Spring,0.9652002271393565
Autumn,0.7394627785056005
Winter,0.7278167952185799
Winter,0.8340010856010994
Summer,0.8581781442140571
Autumn,0.7566125004302934
Spring,0.8409145239955379
Autumn,0.8861205311880092
Spring,0.7773030662171456
Autumn,0.8978528570048154
Summer,0.9359901632017804
Summer,0.7813552265578904
