Country,Revenue,Visitors,Rating,Accommodation_Available,Category,Origin Season,Destination Season,Movement Flow
France,302302.5275123339,2035,4.40236536114881,No,Beach,Winter,Spring,11.243278604284548
France,117492.8858516516,844,4.242978103707956,Yes,Adventure,Autumn,Spring,11.628308903705744
India,358483.4267834827,9043,3.77706105804019,No,Adventure,Spring,Spring,11.07058853767985
Brazil,47154.38447796355,498,4.120794297072203,Yes,Nature,Summer,Spring,11.515082882879254
Australia,108341.69698752291,9742,4.890211648414156,No,Beach,Winter,Autumn,11.546416486794916
USA,277162.3095992249,904,4.908549752151767,Yes,Urban,Winter,Spring,11.408980916286838
Egypt,56487.388566438116,1126,4.998723294912957,No,Adventure,Autumn,Summer,11.453380110920197
China,58752.44234840084,3915,4.459937705701526,No,Cultural,Winter,Summer,11.488830408227077
France,257704.72221641435,6846,4.8104811062615145,No,Beach,Summer,Spring,11.629149938207354
Australia,313692.8167599551,5283,3.668385544935995,Yes,Adventure,Autumn,Spring,11.68179566975437
Egypt,217154.44132119528,1621,3.036802777529526,Yes,Nature,Autumn,Summer,11.291944907023668
France,121320.57597875892,6552,3.867447081346245,Yes,Historical,Spring,Winter,11.982286558347774
China,235879.9990751818,5845,3.283850526787675,Yes,Cultural,Autumn,Winter,11.120563057277128
USA,353007.2862164378,2688,4.272231188178436,Yes,Urban,Summer,Autumn,11.822112803629466
China,223376.03783453544,9085,3.0143471614554436,Yes,Adventure,Summer,Spring,11.38560517898029
Brazil,293052.75410407374,6613,3.8642462645261597,Yes,Beach,Summer,Spring,11.571440765787152
France,336422.05261698406,3182,3.594958374206387,Yes,Urban,Summer,Autumn,11.156495436290854
China,480382.73385963606,8768,3.4763734998012454,Yes,Cultural,Spring,Spring,11.396398973307715
Egypt,230570.1406612206,7146,3.5533720787992014,Yes,Historical,Spring,Autumn,11.05358143477239
USA,158172.4262260839,5777,4.49352172487868,Yes,Historical,Autumn,Summer,11.133998987481824
USA,136809.1180012666,4571,4.795328594507425,Yes,Urban,Summer,Autumn,11.00968539045865
China,169601.62903462385,1497,4.838634101309192,Yes,Urban,Autumn,Autumn,11.717894948761824
Brazil,30767.55656927738,4677,3.208557637070777,Yes,Adventure,Winter,Spring,11.504338653900623
China,63205.90253435939,7292,4.997981011850173,Yes,Adventure,Spring,Spring,11.820185416881198
Australia,153591.6762757023,7146,4.853582897876162,Yes,Historical,Autumn,Summer,11.95866739742728
Egypt,184882.09380207668,5853,4.093343201005008,Yes,Historical,Summer,Winter,11.540714106226888
Egypt,350654.3170752643,6899,3.9611548708130435,Yes,Beach,Winter,Autumn,11.862581745294364
Egypt,388000.14811612474,2481,3.432991353575615,Yes,Nature,Autumn,Winter,11.527071994410933
USA,202183.37677435696,184,4.997091402347167,Yes,Beach,Winter,Summer,11.18656541442087
India,136958.30757899635,1879,3.3444616652436547,No,Nature,Autumn,Autumn,11.733360910743249
India,137307.9313275073,2382,3.540194372046182,Yes,Nature,Summer,Autumn,11.00035082815
Brazil,208441.93457168073,7786,4.187523652970777,No,Beach,Spring,Spring,11.388327819606387
France,88568.0980516076,7281,4.533722719685645,No,Urban,Summer,Summer,11.85828803556388
Australia,38250.47088378219,9273,3.187870989881025,Yes,Urban,Autumn,Spring,11.731147443688293
France,45792.14243372593,2781,4.809118916857671,Yes,Nature,Winter,Winter,11.741098633724896
France,221900.69884388495,3152,4.385476238191119,Yes,Urban,Summer,Spring,11.205320139501518
India,346083.210026838,3355,4.506878394213915,No,Adventure,Winter,Winter,11.357817099275845
Brazil,277769.4047512287,5236,4.784761304693679,Yes,Beach,Autumn,Autumn,11.203099806124392
Egypt,81249.05092157026,1894,4.208803627251788,Yes,Nature,Spring,Summer,11.602740331684883
USA,81949.62936244384,3276,3.856635181995327,Yes,Beach,Spring,Autumn,11.538948276164497
Brazil,17144.42718787112,2598,4.5866079912059154,Yes,Historical,Autumn,Spring,11.939618228501198
China,487842.1445221947,8111,4.924763109766012,Yes,Urban,Spring,Spring,11.484688790179751
China,211456.7714050261,1305,4.688554535282707,Yes,Adventure,Autumn,Summer,11.779761823538571
Australia,355686.9796692355,1467,3.9376301831465597,Yes,Urban,Summer,Spring,11.956612603147693
India,276353.55731255957,2911,4.278020101043411,Yes,Urban,Autumn,Autumn,11.018425039130408
China,259646.0712371136,199,4.449633003355659,Yes,Beach,Spring,Winter,11.937808048544685
USA,242533.294942606,767,4.1813004364876445,Yes,Adventure,Spring,Winter,11.298856944931156
China,488111.3422509171,2368,4.338405606136246,Yes,Nature,Spring,Winter,11.036236335735655
Australia,449358.4347918844,5112,4.30059784728197,Yes,Cultural,Summer,Spring,11.982067950893478
India,240572.36560515547,5481,4.036273631093732,Yes,Nature,Summer,Summer,11.709733041273902
India,134661.67134046834,8591,4.651009178132652,Yes,Urban,Summer,Winter,11.57475040444725
Australia,267935.99012954667,8238,3.935760181777564,Yes,Historical,Summer,Autumn,11.130416416216343
China,126198.03671296027,5685,4.644051871993468,Yes,Historical,Autumn,Winter,11.018913771450768
USA,355826.40187211876,2341,4.2346795797935455,Yes,Cultural,Spring,Autumn,11.26738602211756
Australia,100456.35692848632,1538,4.734688935963228,Yes,Historical,Winter,Summer,11.676846255328272
Egypt,275056.82506163244,1940,4.584209342064092,No,Urban,Autumn,Winter,11.818900964175809
China,481324.7063903937,1812,4.371559595744468,Yes,Urban,Spring,Spring,11.466791870846276
Brazil,376942.13190749113,5988,3.9682895064271606,Yes,Nature,Summer,Winter,11.598276165454926
Egypt,86147.78543527497,1892,3.3210847223375777,Yes,Historical,Spring,Spring,11.61257686215811
China,157562.6053461825,2363,3.1969136694225804,Yes,Urban,Autumn,Summer,11.330877509698587
France,213874.27644228894,5310,3.9185278893515116,Yes,Cultural,Autumn,Autumn,11.256747666131062
China,362576.06982961885,3284,3.868723704393017,Yes,Urban,Spring,Autumn,11.485823644885391
Australia,440027.56579136255,8643,3.098838954986003,No,Nature,Autumn,Summer,11.964275031784297
Brazil,190581.891577066,7872,3.8863367589130946,Yes,Urban,Spring,Autumn,11.614455841610594
Egypt,104781.02848354037,4990,3.5906301686351063,Yes,Beach,Autumn,Spring,11.43487200281687
China,463550.00635259127,6072,4.184127715806138,No,Urban,Winter,Spring,11.721192990979253
Egypt,131167.66120798152,8726,3.1181436365043664,Yes,Nature,Autumn,Winter,11.080418953256382
Australia,296429.2823773311,2527,4.863746229274581,Yes,Nature,Winter,Summer,11.49577235546164
Brazil,387515.77690355125,7222,4.304676179915565,Yes,Nature,Winter,Autumn,11.352467040258398
Egypt,145410.86812000294,7281,3.1149764112838985,Yes,Urban,Summer,Autumn,11.201292702388791
Australia,289439.0677743288,1116,3.8898372613148364,Yes,Cultural,Summer,Winter,11.915367716632588
China,283082.05680485384,6015,4.372332670010196,Yes,Beach,Autumn,Spring,11.89737257018123
France,439890.37547327083,5499,3.1443693290126236,Yes,Beach,Spring,Autumn,11.115038641863928
France,266227.61786850955,8820,4.071924324304075,Yes,Beach,Winter,Autumn,11.1922772385302
Australia,131240.61943341696,1670,4.09437340028993,Yes,Nature,Summer,Spring,11.859350948592938
Egypt,14108.749475234406,9645,3.0125869339639375,No,Urban,Winter,Summer,11.961060983553546
France,71944.49125733034,3829,3.4173950419579686,Yes,Cultural,Winter,Spring,11.016040373048797
India,298953.12652717304,7971,4.866647085814151,No,Nature,Autumn,Spring,11.862170380378048
France,470247.5165354071,848,3.9460242016345743,Yes,Historical,Autumn,Winter,11.737504411240554
France,120163.23694536785,7020,3.311404479737206,No,Historical,Spring,Winter,11.583116550616225
Brazil,94846.44111129062,140,3.686382643728179,Yes,Historical,Autumn,Summer,11.156627690667689
France,124904.93035515684,6116,4.227190907004117,Yes,Adventure,Spring,Winter,11.383830599864211
Brazil,333897.73409889446,9500,3.0883535781218705,Yes,Beach,Spring,Summer,11.10155374483408
Brazil,354570.03358925664,1659,3.837737763169627,Yes,Urban,Spring,Summer,11.017127223928671
Egypt,208545.17800881865,1339,3.3360065684729605,No,Beach,Autumn,Spring,11.294210061718573
Australia,265605.6035309043,6166,4.280078938036578,Yes,Urban,Winter,Summer,11.855864456525623
Australia,19468.757949700666,7131,4.156669559655805,Yes,Cultural,Spring,Summer,11.225355022935833
Australia,363637.33521588764,2985,3.318156042226194,Yes,Nature,Summer,Autumn,11.857922551186427
Egypt,250870.55744289706,2417,3.96972067908764,Yes,Historical,Spring,Autumn,11.33492943516748
China,326508.50057128404,9387,4.566423086662624,No,Nature,Spring,Spring,11.092655974980286
France,488419.11227545945,6796,3.692245406566296,Yes,Adventure,Spring,Spring,11.18868478805863
China,366021.00871363434,5691,4.187797854945558,Yes,Historical,Spring,Autumn,11.028426668892541
Egypt,176357.26841885105,5220,4.636376455539104,Yes,Historical,Autumn,Autumn,11.527630672083355
USA,392271.3843843058,2846,4.534482427037781,Yes,Urban,Summer,Summer,11.196053169318656
Australia,315783.86776007956,8860,3.791765178703452,Yes,Beach,Winter,Spring,11.412313241038662
France,346977.08396735974,695,4.828793650513953,Yes,Urban,Autumn,Spring,11.090064930250174
Egypt,148853.67573693307,596,4.183523365726099,Yes,Adventure,Autumn,Autumn,11.292306935888735
Brazil,57374.140096653704,6046,3.988730032143331,No,Nature,Summer,Autumn,11.151871894898838
Egypt,56626.41565067571,6550,4.741933157288659,Yes,Urban,Spring,Winter,11.303089504277777
China,490976.3488746975,7656,3.26822059480811,No,Urban,Summer,Winter,11.179110004849917
Brazil,174551.91781653985,6029,3.5636805812068917,Yes,Historical,Summer,Spring,11.039166162962852
Egypt,424637.4595429593,4957,3.1713550597328615,Yes,Urban,Autumn,Spring,11.296673199860924
China,211626.44741283517,8838,4.368342985782869,Yes,Beach,Spring,Winter,11.862042017957538
Australia,237389.4398655984,940,3.2661520771851418,Yes,Urban,Autumn,Winter,11.398403572701584
Egypt,490950.27542402764,1712,3.445744745226058,Yes,Cultural,Autumn,Summer,11.663763649829116
Egypt,50695.43494017483,9620,3.3652832133074893,Yes,Historical,Spring,Autumn,11.85098544853616
China,12588.789613393106,8873,3.0103381671646097,Yes,Cultural,Spring,Spring,11.846831202171824
France,20921.65706359045,5511,3.608009054830471,Yes,Urban,Spring,Spring,11.603250570752412
USA,183437.1357999533,4648,4.923947642052968,Yes,Adventure,Winter,Winter,11.23866357647144
Brazil,263567.8913406754,1958,4.4244562011872866,Yes,Cultural,Spring,Winter,11.709923421533032
India,183425.08368066364,7866,4.040207287420548,Yes,Urban,Winter,Spring,11.254192296590492
Australia,89994.83658731231,2669,3.882374679401537,Yes,Nature,Spring,Spring,11.56024997156759
France,141330.2555201023,590,3.1564797603068255,Yes,Urban,Spring,Winter,11.47144214065799
Brazil,78596.79075423,8703,4.324289412676824,Yes,Nature,Winter,Winter,11.781042288203476
Egypt,210787.65778331098,1947,4.7706458894230375,Yes,Urban,Summer,Autumn,11.25950210806162
China,160220.8226582487,7876,3.474833276513963,No,Cultural,Winter,Winter,11.216552723781124
Australia,74273.09111018422,6569,4.551758635950179,Yes,Cultural,Autumn,Autumn,11.105344557565148
France,74456.49528941131,8959,3.749636789914657,Yes,Cultural,Autumn,Autumn,11.795390286470619
China,300195.00690193614,8440,3.869361460646319,No,Urban,Winter,Spring,11.463173856456333
Brazil,308829.5642415136,6068,4.49098215076899,Yes,Adventure,Autumn,Autumn,11.745009081118015
France,72617.10940339083,2804,4.544577075169019,Yes,Beach,Spring,Summer,11.808088620176449
France,453960.8292116903,2704,3.6078117424191314,No,Nature,Winter,Summer,11.095891932251277
Brazil,484541.51020912745,8240,4.651078599594371,Yes,Beach,Winter,Spring,11.347742885326506
India,251346.35691918517,9149,3.9401171041385448,Yes,Beach,Spring,Spring,11.033161120099955
France,173353.33768796508,2379,3.740342856327126,Yes,Urban,Spring,Autumn,11.940914388724392
China,382867.3440708054,8221,4.637778518369002,Yes,Beach,Winter,Winter,11.90221479474956
Egypt,459839.5914415044,3226,3.937967263048211,Yes,Urban,Summer,Winter,11.31988567704185
Brazil,321629.4507874034,2626,4.386531961813507,Yes,Urban,Summer,Summer,11.625775986077159
USA,461097.3874563536,2202,3.6256857766117285,Yes,Urban,Winter,Autumn,11.912668687165965
Brazil,14789.386015814041,9690,3.4773066143595237,Yes,Beach,Spring,Autumn,11.03779654290616
Brazil,442263.6756268283,8252,3.163821191202832,Yes,Nature,Spring,Winter,11.476075623141416
India,113802.3779175119,3499,4.57511190152838,Yes,Adventure,Summer,Spring,11.652090039828122
France,185407.6383279887,6142,4.416139397809826,Yes,Adventure,Autumn,Summer,11.954019612954292
China,400343.6157379525,7758,3.6743263127230525,Yes,Beach,Autumn,Autumn,11.428716646953918
France,295427.08232513396,1255,4.950060722644198,Yes,Historical,Summer,Summer,11.641606549172467
USA,356022.06141070824,9848,3.4750448944859693,Yes,Historical,Autumn,Autumn,11.71708627993986
China,318535.09079112386,908,3.9064093655257857,No,Adventure,Spring,Summer,11.708228193052314
China,344055.2104657572,5427,3.8826431251814646,Yes,Beach,Spring,Spring,11.293552660270404
USA,209699.6849894864,3136,4.993931242847794,Yes,Adventure,Summer,Winter,11.028589976629783
Australia,127425.47899381378,2497,3.163114084838203,Yes,Nature,Spring,Winter,11.668123522150408
USA,242434.8414177868,7916,4.9525974547788705,No,Historical,Spring,Winter,11.188606678627808
Egypt,158304.57530439057,8789,3.865888296223452,No,Nature,Winter,Spring,11.914594452133498
Brazil,228349.3544522381,7920,4.159627787213699,Yes,Nature,Autumn,Summer,11.227694813783083
USA,365967.3433230204,5688,3.1759648985042332,Yes,Cultural,Spring,Spring,11.499381034854466
USA,194457.63751542423,6366,4.854214555984198,Yes,Historical,Winter,Spring,11.407104577345015
France,188228.39671908552,6686,3.0465178134080615,Yes,Urban,Summer,Spring,11.806990641950232
France,227555.83858946056,2362,3.9667149689149874,Yes,Cultural,Spring,Autumn,11.41531113982617
France,180123.2980291839,4440,3.2679479845566384,Yes,Nature,Summer,Summer,11.705922670765226
India,416060.2665677725,7718,3.9568064052149015,Yes,Cultural,Summer,Spring,11.679894542418845
Brazil,140579.65083123813,9773,3.7693893694004377,Yes,Beach,Winter,Spring,11.724640082836828
Egypt,460820.6785265316,7084,4.413899516279621,No,Urban,Autumn,Spring,11.69593500310893
Brazil,352808.43540974724,6004,4.680492073044583,Yes,Historical,Spring,Summer,11.689223422024343
China,287704.2432462792,5819,4.732269823051523,Yes,Beach,Winter,Winter,11.080180510697865
Egypt,297951.2327981797,6879,3.0326444120993012,Yes,Adventure,Summer,Summer,11.450613110438008
Egypt,54440.9412902547,5283,3.0043234158368177,Yes,Urban,Summer,Spring,11.311627642414678
Australia,354146.86299805547,8492,3.500871959573902,Yes,Adventure,Summer,Winter,11.129322318744261
France,254548.67039856248,9463,3.547332661703583,Yes,Urban,Summer,Summer,11.434739425103038
Egypt,11929.648492362983,4589,4.4749944416344345,Yes,Beach,Spring,Autumn,11.667731876426977
Egypt,441604.38856391323,7961,4.444496686410659,Yes,Urban,Winter,Summer,11.993354461565435
USA,212773.73228261896,2407,3.1135778759522648,Yes,Adventure,Winter,Spring,11.35606755588826
Australia,365067.9666598453,278,3.016231926194073,Yes,Urban,Autumn,Summer,11.823288382288547
India,295293.51676136034,2348,3.14044048052088,Yes,Nature,Spring,Winter,11.951378217797135
Brazil,227039.76379907207,1966,4.8906737499648605,Yes,Urban,Spring,Winter,11.309269463674504
France,62496.78029802453,3889,3.4929950660387625,No,Nature,Spring,Autumn,11.776932605814974
India,57476.32032017809,2837,3.570366900421373,Yes,Adventure,Winter,Spring,11.798983025880965
Australia,262067.93752654913,5704,3.2939943265780807,Yes,Adventure,Spring,Spring,11.275547652698544
Egypt,470638.06402411434,2085,4.034038556418793,No,Nature,Spring,Autumn,11.022419963685168
China,384031.18517973984,9382,4.6810455574961924,Yes,Cultural,Autumn,Winter,11.086458203284304
Australia,271510.40104674845,9429,4.665560457120775,Yes,Adventure,Spring,Summer,11.565508326936015
Australia,450169.3348414323,1425,4.124741653541784,Yes,Urban,Spring,Spring,11.096388319186763
France,447821.6757545159,665,4.028821476086936,Yes,Beach,Summer,Autumn,11.49692160481945
China,290427.5939092711,2155,3.8838015853728973,Yes,Beach,Summer,Autumn,11.550161716137922
Australia,144648.78467458356,5259,4.336731506036293,Yes,Beach,Summer,Winter,11.279023155469675
Australia,434610.72487913526,4013,4.92618364173746,Yes,Nature,Summer,Winter,11.136195989103882
Brazil,358213.8244257846,6329,4.191428914990736,Yes,Adventure,Summer,Summer,11.085918928947883
USA,282686.0977397172,8721,4.041527445177739,Yes,Beach,Winter,Spring,11.720728096240315
India,234401.13181048288,6688,4.035487271193233,Yes,Nature,Spring,Spring,11.522641309411513
China,429405.49631338683,4464,3.1813948406462065,Yes,Historical,Autumn,Summer,11.657112359935569
France,188040.5144686556,4999,4.235447496889447,Yes,Historical,Winter,Spring,11.973406255338519
India,145607.34427953538,8377,3.208693165163133,Yes,Adventure,Winter,Winter,11.503304559645676
Brazil,491603.2578965272,2728,3.795689233943145,No,Urban,Autumn,Winter,11.259826386771122
France,362518.55829946726,2471,4.756772262138604,Yes,Historical,Autumn,Winter,11.191596216202859
USA,458104.21168165444,8447,4.54859719248082,No,Nature,Summer,Autumn,11.048639825176586
Australia,17247.99233728,7859,4.0041928205582575,Yes,Cultural,Summer,Winter,11.241798851386484
Brazil,101526.7603252022,2669,4.777996268940669,No,Historical,Winter,Winter,11.401566526622585
Brazil,498155.5532560446,2871,4.142482332679082,Yes,Historical,Winter,Spring,11.142991588619282
Australia,49241.94214385702,9920,4.848184895128755,Yes,Nature,Autumn,Spring,11.865755690491941
China,304675.76250829303,3033,3.9358922161374585,Yes,Urban,Winter,Summer,11.08445157949936
China,123645.67273922489,5897,4.4503457997270655,Yes,Adventure,Winter,Summer,11.137225529988687
Egypt,116041.81652796613,6701,3.5421147895172975,Yes,Nature,Summer,Winter,11.52996299949957
Brazil,248759.26716274596,3889,4.080949618976451,Yes,Urban,Autumn,Winter,11.610394221034328
Brazil,135676.47244029058,4484,4.483775211127815,No,Urban,Winter,Summer,11.213277716434055
USA,273733.9259240612,6287,4.226144631770213,Yes,Nature,Winter,Spring,11.926674700036305
Brazil,124850.43754440025,5894,3.3499506388451565,Yes,Beach,Winter,Summer,11.308457996336784
Brazil,422691.4860883794,2757,3.9778439270138843,No,Beach,Spring,Winter,11.601100198061317
USA,420530.78026079625,3277,4.776767336196812,Yes,Urban,Autumn,Spring,11.515662364251936
USA,71436.01548239142,9767,3.765433121856729,No,Cultural,Winter,Autumn,11.215913717075049
USA,267058.78090989386,3257,4.435731329104337,Yes,Beach,Winter,Spring,11.066376319657513
Egypt,44197.31287500436,4350,4.6967841090486715,Yes,Beach,Spring,Winter,11.938984246222027
Australia,291946.1015842331,250,4.613834677661964,Yes,Nature,Spring,Summer,11.188678958590716
Brazil,415726.74495543516,1176,4.707340926310003,Yes,Nature,Spring,Winter,11.113156698971826
France,452873.20012087165,6262,3.847560085367905,Yes,Historical,Autumn,Winter,11.568262449644008
Australia,24039.517950314756,3220,4.072486009694447,Yes,Cultural,Autumn,Spring,11.360060171612707
China,236519.97512047164,6940,3.1168312428959926,Yes,Historical,Winter,Winter,11.83842460314766
Brazil,124731.16595944374,6981,4.96059453364421,Yes,Adventure,Summer,Summer,11.50967241848199
Brazil,353646.65764105844,8165,4.417049053301715,No,Cultural,Winter,Winter,11.900201927156168
India,221717.14805905396,2407,4.119542436540967,No,Nature,Spring,Winter,11.111142606124435
India,332004.06407207437,2247,3.2227318758957346,Yes,Historical,Spring,Spring,11.47146769829723
India,38879.12210927365,1056,4.268489441098787,Yes,Beach,Summer,Winter,11.40733426714324
Brazil,165798.40666758383,4674,3.9636873647967237,Yes,Urban,Spring,Winter,11.369138727346723
India,431678.62995563657,5428,4.4841345299825965,Yes,Historical,Summer,Summer,11.145398260584278
China,134515.4586701916,9482,4.094887411589982,Yes,Historical,Spring,Spring,11.67102470773557
Egypt,151177.63797724847,9838,4.370715346744618,Yes,Urban,Spring,Autumn,11.765583347097753
Australia,54846.74016188358,5557,3.149529550658144,No,Historical,Winter,Autumn,11.448938566029794
India,149800.0931790968,7720,3.1636986753762817,Yes,Nature,Summer,Autumn,11.635486924984528
India,337074.5344518658,7319,3.2035980672846796,No,Beach,Autumn,Summer,11.967618487147828
China,177856.04284281464,6487,4.763069112833249,Yes,Urban,Summer,Autumn,11.935002445965806
Australia,473880.1457634577,739,3.4830910342727064,No,Beach,Summer,Summer,11.495929945950273
Australia,27936.992787024425,1868,4.209249943231257,Yes,Urban,Spring,Spring,11.781320375284535
Egypt,250713.30590266,2229,4.948181817299085,Yes,Adventure,Spring,Autumn,11.372477700120443
China,81447.29412720779,1038,4.118965786671266,No,Nature,Autumn,Summer,11.275569140804862
China,288033.06667169946,5018,3.78839240893537,Yes,Nature,Winter,Summer,11.850680055092056
China,410525.84064444504,4907,4.656368138371116,No,Urban,Autumn,Spring,11.352458853565238
Egypt,320635.49193921464,1556,3.8050676156401346,Yes,Cultural,Autumn,Autumn,11.349117094862738
USA,431973.9155620312,6056,4.257705135309239,No,Nature,Winter,Winter,11.514388851928205
Australia,240420.36891882832,745,4.114348570908664,Yes,Urban,Summer,Winter,11.96508870828321
France,192843.3697076231,1215,4.511266306304219,No,Nature,Autumn,Winter,11.350024702137256
USA,244278.0722408484,2219,3.008607224221726,Yes,Cultural,Winter,Winter,11.715850603332013
Brazil,491873.61344898207,3044,4.631360165319576,Yes,Cultural,Spring,Summer,11.803858938448249
India,348914.50518633396,3645,4.763129612604939,Yes,Urban,Winter,Autumn,11.190053576351517
France,261693.37854831372,9557,3.636920450978582,Yes,Nature,Spring,Autumn,11.395807525547058
Brazil,171507.46229856732,9053,4.027563821224476,Yes,Historical,Winter,Summer,11.47482742602835
Egypt,326982.76857322874,3889,3.7054661675436735,Yes,Adventure,Spring,Winter,11.329097981463166
Brazil,161850.70757765588,1051,3.7844516846999783,Yes,Nature,Summer,Summer,11.260974795671798
France,390919.94518078095,6364,4.495831937567912,No,Beach,Summer,Autumn,11.825537489421635
China,182711.00055722962,3358,4.140633608315642,Yes,Historical,Summer,Winter,11.651840346660313
USA,304146.05492773757,1311,3.9067824094975565,Yes,Cultural,Spring,Summer,11.996866165668665
Brazil,141469.77103236824,7936,4.567094829923633,No,Cultural,Spring,Summer,11.817410704478052
USA,150753.86860302906,2824,3.060530640873255,Yes,Cultural,Autumn,Summer,11.475767125681942
India,231200.29523037828,6331,4.236407840109686,Yes,Urban,Autumn,Winter,11.643760725516131
France,414575.3862516366,5041,3.181682058358783,Yes,Urban,Spring,Spring,11.500400325557063
Australia,278752.68356667325,6416,3.2991997692774,Yes,Historical,Winter,Summer,11.83991945382764
France,18062.067188760277,5529,4.889249424936867,Yes,Urban,Autumn,Summer,11.18133613236034
USA,301007.3314974134,7013,4.2212499420332605,Yes,Adventure,Summer,Autumn,11.972148823052327
India,106795.42101161498,1293,3.171573833776172,Yes,Beach,Summer,Summer,11.838853883033615
China,157687.41113427342,2736,3.691826372333899,Yes,Adventure,Autumn,Autumn,11.303342733331029
Brazil,244572.61252207693,7005,4.99056351944605,No,Historical,Winter,Spring,11.761377845345125
Brazil,275278.6841417622,2174,4.567338154349011,Yes,Adventure,Summer,Summer,11.99503113379444
Australia,97852.36152158954,9839,4.950137432056406,Yes,Urban,Spring,Winter,11.850118300876913
USA,459948.6205552874,7812,4.380919968011229,Yes,Urban,Summer,Spring,11.006838156000061
Australia,189662.99660647826,712,4.6152155941392845,Yes,Nature,Winter,Summer,11.148464137951587
Egypt,130906.20631683903,4325,3.8383020818872997,Yes,Historical,Summer,Autumn,11.059796658294513
India,297734.7988634891,3925,3.1315624010290026,Yes,Adventure,Autumn,Winter,11.976441916780491
France,221144.4997661805,447,4.217511416746648,Yes,Nature,Autumn,Spring,11.154501460352154
India,345938.62437904475,9070,3.9348719850451266,No,Adventure,Autumn,Winter,11.837816751667859
France,10612.362649029214,9455,4.957736127442611,No,Urban,Summer,Autumn,11.877168887261735
Brazil,280536.41102610383,644,3.290816397431501,Yes,Cultural,Winter,Winter,11.116736679939265
China,16910.63467916906,5796,4.031893809751745,Yes,Beach,Summer,Spring,11.004511493988359
Egypt,497348.4407292878,6034,4.760756403346646,Yes,Nature,Autumn,Spring,11.656921231671287
India,50403.1597006741,759,3.421377138107367,Yes,Urban,Spring,Autumn,11.539873305063033
USA,139126.95297928102,3533,3.0656598187483066,No,Cultural,Autumn,Spring,11.181774127443497
Brazil,346568.33196329913,9044,4.307139378055607,Yes,Adventure,Winter,Spring,11.30164004756435
Brazil,172424.87107876982,5111,3.4202309123594477,No,Urban,Winter,Summer,11.282274550471469
China,466444.4251652292,2791,3.631660332635178,Yes,Urban,Winter,Autumn,11.567745384307608
China,309005.59858882363,1185,4.630069280672491,Yes,Adventure,Summer,Summer,11.393964264823778
Australia,277580.99673478777,8965,3.739386463421585,Yes,Historical,Autumn,Winter,11.276974789833744
China,129454.61730008945,2750,3.6346309907080334,Yes,Adventure,Summer,Autumn,11.860338758677802
USA,132977.15650933265,1947,4.875969815347768,Yes,Beach,Summer,Winter,11.00054470161926
France,374494.5753991256,9163,3.0683586711216977,No,Historical,Winter,Winter,11.709382184901079
Egypt,89260.48738419916,9311,3.5526204618866997,Yes,Beach,Winter,Summer,11.068715229428095
China,494849.2979370007,2867,4.070547015055853,Yes,Historical,Winter,Spring,11.789730878285686
Australia,436445.92713921505,4472,3.1220208349453786,No,Urban,Summer,Autumn,11.03283901948182
Brazil,48031.483038322986,5620,3.4727465933772903,Yes,Adventure,Autumn,Summer,11.740151606713926
Australia,430892.1718829367,3016,4.481774728620306,Yes,Cultural,Summer,Spring,11.40625444487241
USA,261680.1477526809,1848,4.219270887784722,Yes,Urban,Spring,Autumn,11.247455586831673
USA,195116.0884563483,7201,3.0825264850119236,Yes,Urban,Summer,Summer,11.899570019158501
Brazil,487897.8000211856,5414,4.48275244996417,No,Historical,Spring,Autumn,11.307086518425619
Brazil,498312.6591134025,3620,3.842406010031118,Yes,Beach,Autumn,Autumn,11.770053666436311
Brazil,24925.304841651436,351,4.628292424307401,Yes,Adventure,Autumn,Spring,11.857913810391489
China,213154.9037801195,7603,3.6283478467649193,Yes,Beach,Summer,Winter,11.762333422986908
Brazil,443037.0664242533,2593,4.160248268511367,Yes,Cultural,Spring,Winter,11.077291586457628
Australia,21119.985502766256,726,4.524426040180017,Yes,Cultural,Autumn,Spring,11.735354022596214
China,255326.62926640996,6567,4.011418911100678,Yes,Cultural,Winter,Spring,11.0803981625858
Australia,245473.89563549322,1930,3.5624750044612297,No,Beach,Winter,Spring,11.161336972254555
China,435381.59284344147,2191,4.989445838785492,Yes,Historical,Spring,Summer,11.482161922935202
USA,22317.011177881614,8572,4.9497025669849695,Yes,Urban,Spring,Spring,11.878335294719902
France,163086.28867353272,3805,4.099657008534844,Yes,Urban,Spring,Spring,11.663694911002732
Egypt,58458.52049726052,6330,4.5709707649692115,No,Urban,Summer,Winter,11.588797399267403
Brazil,65568.50308208214,572,4.243173918081713,Yes,Nature,Autumn,Autumn,11.979511456834972
USA,272134.2321496707,5599,3.0919410984155213,Yes,Cultural,Winter,Winter,11.684901586329639
India,384580.20006975386,8112,4.154273409335006,Yes,Adventure,Summer,Autumn,11.915245956108764
Egypt,158899.0672897873,6864,4.641552016125168,Yes,Historical,Autumn,Winter,11.920466894378468
Australia,484347.6112099328,8584,4.17245053833555,No,Cultural,Spring,Summer,11.417943975640213
Australia,80465.81906360558,6914,3.615055418601178,Yes,Beach,Spring,Summer,11.245232659169076
France,267108.43683208263,8636,4.914284192971533,Yes,Cultural,Summer,Autumn,11.40391143380798
Egypt,446765.99588001665,7992,3.926280703371714,Yes,Nature,Winter,Autumn,11.085341155841235
Egypt,245029.2538214422,3923,4.692402793996076,Yes,Nature,Autumn,Spring,11.069443710201321
France,253608.46054631125,4810,3.082464661548321,Yes,Nature,Autumn,Spring,11.649765216502454
Australia,51433.267956822805,2709,4.23320673336902,Yes,Adventure,Spring,Summer,11.702902782620383
Egypt,35465.85218810642,4605,3.1079657010021964,No,Nature,Spring,Spring,11.94840597087607
France,189938.14527836003,8939,4.890548805311393,No,Nature,Summer,Autumn,11.7789493693862
Egypt,424647.8492967043,6216,3.918708864904656,Yes,Adventure,Spring,Winter,11.354896514776097
USA,50019.91798472483,392,4.29858600867123,Yes,Cultural,Spring,Summer,11.348727988032083
Australia,241235.84945780179,4046,3.377369279325917,No,Historical,Autumn,Winter,11.557053328189886
India,273290.17257689114,379,4.778592900619598,Yes,Urban,Winter,Spring,11.037903675113228
Egypt,229691.96421035664,2982,4.816879644054243,Yes,Historical,Autumn,Autumn,11.510573694726018
USA,169368.9217155022,7700,4.568195292638502,Yes,Urban,Summer,Spring,11.446830860704113
Brazil,298455.7672603311,6345,4.211865465588755,Yes,Nature,Spring,Winter,11.52346899662088
Egypt,215041.77931114155,2812,3.6194424054134533,No,Beach,Summer,Summer,11.735191680956326
France,472159.12470523803,4679,4.883137348947818,Yes,Beach,Autumn,Summer,11.791887670622643
Brazil,170892.83761482174,8558,3.0558102854126794,No,Adventure,Winter,Spring,11.544591733837365
Brazil,39173.08217847833,2459,4.241406551904723,Yes,Historical,Summer,Summer,11.84549609395429
China,380794.05586711265,7827,4.880460395263237,Yes,Nature,Autumn,Autumn,11.445490509905982
France,70675.91087141655,2801,3.6539493204917353,Yes,Beach,Autumn,Summer,11.524010383483118
Australia,221544.7463550853,2575,4.582049421993043,No,Beach,Spring,Summer,11.97200364297993
Egypt,134405.3585781627,4166,4.536656701155141,Yes,Adventure,Spring,Summer,11.54172079885333
USA,273277.8217275702,8334,4.497575918691126,Yes,Adventure,Summer,Winter,11.787233226984998
Egypt,210110.20073376692,2443,4.529638648973892,Yes,Urban,Winter,Autumn,11.532020571353062
Egypt,92132.25696457323,2435,3.9524600586715226,No,Cultural,Summer,Spring,11.087937876592425
India,367983.7191552214,6053,3.5006136903856966,Yes,Cultural,Summer,Summer,11.570008194808908
Egypt,18197.70249900495,7677,3.229985428522693,Yes,Urban,Spring,Autumn,11.771788796491904
Egypt,159144.43281310968,7759,3.206894686122571,Yes,Cultural,Winter,Autumn,11.862141818693253
USA,355324.30574948114,8543,4.4495721647912045,Yes,Cultural,Summer,Winter,11.684861234811361
Egypt,25660.391519197485,3759,3.966885466986448,Yes,Historical,Autumn,Autumn,11.814795624791852
Egypt,219362.45858204982,9021,3.1072780282866646,No,Cultural,Summer,Winter,11.734620361913956
Australia,481937.94090210344,3096,4.7169596950502015,Yes,Urban,Spring,Spring,11.61832155512418
China,364153.9733864813,5969,4.971930035340589,Yes,Adventure,Summer,Winter,11.24371165374803
China,26145.2839446877,4614,4.694275427752619,Yes,Beach,Summer,Spring,11.574626166389884
China,121256.01889275304,6789,3.945002586578534,Yes,Adventure,Autumn,Summer,11.67989649256457
India,141749.9957285084,4172,3.649446601514817,Yes,Cultural,Summer,Summer,11.4311661509109
India,326403.1724217559,346,4.831259114015744,No,Beach,Autumn,Autumn,11.122986938584068
Australia,117966.75135720037,4959,3.6838896455776933,Yes,Beach,Spring,Spring,11.910402865988504
Egypt,451862.19313913357,4861,4.803782060012274,Yes,Nature,Autumn,Winter,11.681620353317058
India,47742.83600903474,158,3.3297134097812404,Yes,Beach,Summer,Spring,11.349406857202856
India,261991.70476280124,1101,4.34279378385353,No,Beach,Summer,Spring,11.392234406026049
Brazil,380964.33171745157,3336,3.6280754270799833,Yes,Cultural,Winter,Winter,11.80388885447483
USA,55066.68618290498,7843,3.6288162082122644,Yes,Adventure,Summer,Summer,11.272620164258232
China,485074.6134174407,5074,3.2698914657739104,Yes,Nature,Autumn,Autumn,11.363787456037441
Egypt,172521.58752663463,9390,4.786701809762322,No,Urban,Spring,Summer,11.277880137713229
USA,33018.75108056077,3953,3.5207395575191134,Yes,Historical,Winter,Winter,11.415901726262264
Brazil,402901.7484354397,9288,4.4586345643019145,Yes,Nature,Winter,Spring,11.733275460430932
China,291402.3566421605,8536,3.2000814154979995,No,Adventure,Spring,Autumn,11.387912581341354
Australia,10907.298573276026,8839,3.493746500585228,Yes,Beach,Autumn,Winter,11.002812555977412
Egypt,307914.49989699747,6891,4.497159966900279,Yes,Adventure,Summer,Summer,11.835402638083163
Australia,190515.15272634226,1939,4.978295397104845,Yes,Nature,Autumn,Autumn,11.726066751566087
Egypt,217008.9513626587,6606,4.1666004914857595,Yes,Adventure,Spring,Winter,11.470962335508306
USA,457058.94235312066,1122,4.01608585713304,Yes,Nature,Autumn,Spring,11.980412588460874
Australia,262713.96401931293,1388,3.336342206385128,Yes,Beach,Spring,Summer,11.441372212784414
India,151705.11388736885,4070,4.704225014664942,Yes,Historical,Summer,Summer,11.738326866639603
India,87709.57655993578,7217,4.778764283578256,Yes,Historical,Autumn,Spring,11.54931945823184
USA,235967.08188095773,4587,4.8781826240524335,Yes,Cultural,Spring,Winter,11.796609049282543
France,431630.9908276603,3223,3.5405407115441223,No,Nature,Winter,Winter,11.812565759597213
Brazil,225473.2782138339,5863,3.492643100872609,Yes,Beach,Winter,Summer,11.208454625152797
France,256944.66414576196,6041,3.227320075566654,Yes,Cultural,Autumn,Winter,11.573544737719136
India,132328.76332414613,4562,3.659111428119748,Yes,Beach,Summer,Spring,11.071780149798306
France,411448.3143204789,2020,3.952275973544988,Yes,Nature,Autumn,Winter,11.10749641751151
Egypt,280497.1602529955,147,4.559202609142326,Yes,Adventure,Winter,Spring,11.514606170516648
Brazil,180622.0832307691,3682,3.499673708352708,Yes,Beach,Spring,Autumn,11.506703388125196
Egypt,159114.7621299727,8530,3.4544690455975653,Yes,Urban,Winter,Spring,11.219311243785185
USA,292758.6065938478,7830,4.512121024184857,Yes,Nature,Summer,Winter,11.56724113659107
USA,18974.39832609301,534,3.1135989903232595,No,Historical,Autumn,Winter,11.079790554266232
Egypt,433427.9676474348,9437,4.935256803013799,Yes,Adventure,Autumn,Spring,11.369443378245542
Egypt,356190.56551467575,3356,4.07412850760108,Yes,Urban,Autumn,Spring,11.403509077714222
France,82045.87482137923,5988,3.133170294319922,No,Cultural,Winter,Summer,11.857025626261452
USA,80763.38361900019,3458,3.4178695286103187,No,Adventure,Winter,Summer,11.629897999530675
USA,290456.4102724672,4692,3.2046489378226726,Yes,Beach,Winter,Autumn,11.726159731293258
China,305795.1814418424,9250,3.4927811285891437,No,Urban,Autumn,Autumn,11.635799574451083
Brazil,373195.5625002575,6513,4.788019914481654,Yes,Cultural,Autumn,Summer,11.831825615455648
France,181668.10134329437,199,3.380459510294247,Yes,Cultural,Spring,Autumn,11.688381945233175
Egypt,477478.50767110114,5736,4.713385013313577,Yes,Cultural,Autumn,Summer,11.101467633914588
Brazil,480660.88627394405,7527,3.9649707798493097,Yes,Urban,Spring,Winter,11.182927980855508
Australia,448160.7049197827,8359,4.25036354459848,No,Cultural,Winter,Winter,11.177544693766722
USA,136813.30296789107,5304,4.536028206347691,Yes,Historical,Autumn,Spring,11.042440420981958
USA,71132.25778241656,6231,3.837418032390101,Yes,Cultural,Winter,Winter,11.735155316024763
Australia,77041.31978758321,2818,4.373053146047699,No,Urban,Winter,Winter,11.83750152659008
India,113153.66495498316,8141,4.829788722518944,Yes,Urban,Spring,Summer,11.02993244723885
Egypt,230125.77925086813,5947,3.9040245686902635,Yes,Adventure,Autumn,Winter,11.640580610114279
Brazil,436016.25609191577,4488,3.3780878399679217,Yes,Nature,Winter,Winter,11.536669895904268
Egypt,366911.0661930154,3652,3.5284281476563626,No,Beach,Spring,Spring,11.725893165812817
Egypt,210344.62796671846,6683,4.583739310549002,Yes,Beach,Spring,Summer,11.26427289283231
Australia,451000.1725985568,1787,4.869031607761286,No,Historical,Autumn,Autumn,11.017115916982341
USA,353426.1029005838,6661,3.2902637437777056,No,Adventure,Summer,Autumn,11.156457405952924
France,171365.6228561103,2357,3.4522381876476413,Yes,Cultural,Autumn,Spring,11.117382214232578
France,288439.37809445214,1789,4.506516672483176,Yes,Nature,Spring,Winter,11.011249676743178
USA,40327.65448610434,6977,3.04557949657167,Yes,Nature,Autumn,Summer,11.950830178140274
USA,421493.1053249501,4206,3.020860446661314,No,Adventure,Autumn,Spring,11.00952101872732
Brazil,62195.71501998915,1965,4.140563108950579,Yes,Adventure,Summer,Winter,11.035249839364893
China,214910.53641695052,9472,4.875718867415182,No,Urban,Summer,Autumn,11.417923223479079
France,379581.26050625363,696,3.210937963240981,Yes,Cultural,Summer,Spring,11.450571890861381
USA,184593.40215622768,1609,4.105667093943733,Yes,Beach,Spring,Summer,11.315430997203993
Brazil,110483.94259245829,612,4.401631078537875,Yes,Urban,Spring,Summer,11.58384987523661
Egypt,123354.7098441308,9884,3.023025621893364,Yes,Beach,Autumn,Autumn,11.853525573756924
Brazil,232008.1614484551,2373,4.106531190235055,Yes,Nature,Spring,Spring,11.508522252354279
USA,71453.80705889312,4281,4.053489724140538,Yes,Historical,Spring,Summer,11.761755686293595
Australia,35904.83692498781,5947,4.054021160630018,Yes,Historical,Summer,Winter,11.477479822583538
Australia,133769.0813368384,4727,3.8248328982662114,No,Urban,Spring,Spring,11.464038920964954
China,50577.338610635736,4844,3.1388019347691625,Yes,Nature,Winter,Winter,11.283152258516063
USA,415769.5522083091,6311,3.444070687560244,Yes,Cultural,Spring,Autumn,11.314069693686761
Brazil,365173.67933567043,2815,3.800121852027278,No,Nature,Autumn,Autumn,11.612415068227879
Egypt,10231.181018354573,7841,4.2989676025792845,Yes,Urban,Spring,Winter,11.34853652776267
Egypt,294615.3985304576,6553,3.927091136495692,Yes,Adventure,Summer,Spring,11.67194077287542
China,176493.44041142592,6388,4.262053497580974,Yes,Nature,Spring,Spring,11.623076327771848
Egypt,387909.46278160345,3194,3.7454529784055097,Yes,Beach,Spring,Autumn,11.618642312166289
Egypt,383246.6845482953,8634,4.720934284027116,Yes,Cultural,Autumn,Winter,11.75970577849207
Egypt,15288.847784088719,4963,4.316283689753458,Yes,Adventure,Spring,Winter,11.549108500904682
USA,395956.86349017586,2649,3.4469097341874075,Yes,Nature,Autumn,Winter,11.528187584485405
Brazil,452060.42377251614,2121,4.146873688321088,No,Adventure,Winter,Spring,11.249342626303582
USA,304336.4382012588,2637,4.254378481101805,Yes,Nature,Spring,Autumn,11.73475848032068
Brazil,115224.53206888602,964,4.4747461435866684,Yes,Adventure,Summer,Summer,11.19872163669496
Egypt,170738.13270299864,2572,3.7735727523019786,Yes,Beach,Winter,Autumn,11.987926018899458
Australia,196977.25630366383,814,4.3695140398260355,Yes,Urban,Spring,Winter,11.917762463051988
Brazil,99998.01306251911,4189,4.01411574194193,Yes,Adventure,Autumn,Autumn,11.89271611581904
India,68316.16650176216,7791,3.0922437707056125,No,Beach,Spring,Spring,11.546730249959186
India,405717.95691607107,684,3.761522406440955,No,Urban,Winter,Winter,11.218129201097165
USA,81611.2268172295,8084,4.694315937273972,Yes,Beach,Winter,Summer,11.043049666302654
Brazil,138320.2131632983,4643,4.8716863836492985,Yes,Beach,Summer,Spring,11.016705967601437
USA,485588.5358187523,3273,4.876062714411901,Yes,Historical,Autumn,Autumn,11.829855357575196
China,351540.1116593876,8429,3.0355832307699586,Yes,Urban,Spring,Autumn,11.362076860671959
Egypt,405280.0128072336,3009,4.1476363696577225,Yes,Adventure,Autumn,Autumn,11.850167748847847
Brazil,493182.7255746102,1949,4.301135697660814,Yes,Urban,Spring,Spring,11.957215275895859
Brazil,211935.3459459004,8744,4.139146476697393,Yes,Historical,Spring,Spring,11.271948645541029
France,421666.6749183785,2731,4.747149545071295,Yes,Nature,Summer,Spring,11.6415910610754
India,479214.61106321495,1266,3.195143639769446,Yes,Cultural,Spring,Winter,11.362665576602486
France,70112.92832031906,3587,4.822886612313407,No,Historical,Summer,Summer,11.03218260601871
France,228958.24918271825,2610,3.987549278597645,Yes,Nature,Autumn,Summer,11.87860078845954
China,254437.3845925816,6647,3.9108742859076733,Yes,Adventure,Autumn,Autumn,11.276907948582576
USA,494365.83637649054,5409,4.491436151120898,Yes,Cultural,Winter,Winter,11.952246515669035
China,85266.40091812788,4195,3.6801440671011365,No,Historical,Summer,Winter,11.691408440994
India,93684.05500858308,9203,3.2645593713923047,Yes,Historical,Summer,Winter,11.302330455961677
China,402141.6688811105,1091,4.339028682315634,Yes,Nature,Spring,Summer,11.640363583293997
Egypt,125825.31200461155,5804,4.543210969731032,Yes,Historical,Winter,Autumn,11.916142182198607
India,227121.08005987378,9459,3.43457619509474,Yes,Historical,Spring,Autumn,11.518982159581775
France,78242.20216534716,6414,3.5537097263342874,Yes,Historical,Summer,Winter,11.680371057148644
USA,119933.65143117584,9045,3.1382709606032586,Yes,Beach,Summer,Autumn,11.626880992134897
India,336044.63356133987,1851,3.3633938597782214,Yes,Beach,Winter,Spring,11.209970966484818
Brazil,384963.9957608352,6997,4.783376158137752,No,Cultural,Autumn,Winter,11.736286750794573
Egypt,207021.1292035021,448,4.274710787286975,No,Cultural,Autumn,Winter,11.600077876646433
USA,369343.1748544876,4566,4.7449786378014505,Yes,Cultural,Autumn,Spring,11.071051581310776
France,192551.0439124129,1071,4.545390551432593,Yes,Nature,Winter,Winter,11.428856814623376
India,11327.665681079185,1776,4.1309394635199626,Yes,Cultural,Winter,Autumn,11.67864551368074
China,169908.10735337998,4884,4.381347391076014,No,Historical,Winter,Spring,11.87721081251104
India,179581.8487594361,9062,3.033289294439979,Yes,Historical,Autumn,Summer,11.119867349249049
India,341010.8489090395,6920,4.911021323145241,Yes,Adventure,Autumn,Autumn,11.167086147389059
France,89380.89513074876,1602,3.140676279238035,Yes,Beach,Autumn,Spring,11.153162705634896
Australia,440568.28329336736,4893,4.0915438095260726,Yes,Urban,Summer,Winter,11.530981807353463
Egypt,198451.13927888605,4123,3.794310379625904,No,Urban,Spring,Winter,11.648784092748945
France,184402.84834125763,4955,3.181697692635023,Yes,Beach,Spring,Autumn,11.254409529143933
France,162595.24705787233,1459,4.802848970897315,Yes,Beach,Winter,Winter,11.105681560827344
France,443586.7926063523,5347,3.646630137869674,Yes,Urban,Summer,Spring,11.419411419430103
USA,454073.09793971566,6374,4.100278636788001,No,Cultural,Autumn,Summer,11.42942346540551
India,465457.1634116101,3491,4.666756950277678,No,Adventure,Summer,Summer,11.914280356940601
France,18764.896677645178,4016,3.026619949715247,Yes,Beach,Spring,Autumn,11.947438479860416
USA,145184.37983968446,6804,3.7544677131020405,Yes,Cultural,Autumn,Summer,11.885666638412108
Brazil,330518.6822533993,6706,3.1764494533430616,Yes,Cultural,Autumn,Spring,11.779753189119154
China,43323.72190535082,8910,4.2574537553496095,No,Nature,Spring,Winter,11.805646134330619
Brazil,413372.42389951955,7144,3.59681040775753,Yes,Nature,Summer,Spring,11.503878864618036
Egypt,154583.1812468939,4046,4.241186817856269,Yes,Urban,Autumn,Spring,11.963779672246483
France,347854.987804014,5856,3.2987173585380183,No,Beach,Spring,Autumn,11.537235870644912
France,347042.3729323523,3832,3.721241879037475,No,Urban,Winter,Autumn,11.402913095621185
India,61286.4794904926,6830,4.2917637297411755,No,Urban,Autumn,Winter,11.38436652624106
USA,318427.69993544713,5212,4.298542782198098,Yes,Nature,Winter,Summer,11.831267286431693
Egypt,114001.17521515371,764,4.646572942584763,No,Nature,Winter,Winter,11.788632379310123
France,195263.45605700873,843,3.493870255218452,No,Cultural,Autumn,Winter,11.347227705013854
Egypt,224071.8935025304,1494,3.969922934353078,Yes,Adventure,Summer,Spring,11.48032394681295
Australia,276534.5185709093,7817,3.2283360020258964,Yes,Urban,Spring,Autumn,11.249953052563196
USA,125174.2024672531,802,4.317407446447016,Yes,Nature,Spring,Spring,11.563604551402857
Australia,480481.80540282314,6027,4.067906371206518,Yes,Urban,Winter,Spring,11.286579004076007
Egypt,44977.126692292746,3665,3.092016074943651,Yes,Urban,Winter,Summer,11.170011603547067
India,145066.93417310697,357,4.808658955603105,No,Adventure,Autumn,Summer,11.356000122781163
USA,104309.3376999146,1564,3.8413301351081977,Yes,Cultural,Winter,Summer,11.168511526773994
USA,358054.2929261151,4555,3.0578582540704797,Yes,Beach,Winter,Winter,11.979313375758595
USA,235968.07489508623,3022,4.159248693292836,Yes,Urban,Winter,Autumn,11.967271646614673
Brazil,314903.5905680779,1843,3.552752341470078,No,Cultural,Autumn,Winter,11.01118762955012
Brazil,255843.09633510036,3965,3.2480361358839853,Yes,Nature,Summer,Summer,11.358259064763804
France,300085.630985255,1824,3.5163650293609923,Yes,Historical,Winter,Winter,11.010120858708973
China,32167.347191200563,1542,3.456452634163677,Yes,Beach,Autumn,Summer,11.207985835155334
Australia,19015.192662573354,6298,3.7394076390448214,Yes,Beach,Winter,Summer,11.127218147108549
Egypt,15298.007511625981,4220,4.123375614629455,Yes,Beach,Summer,Winter,11.291402282445143
India,343917.86769202113,2482,4.514204014129973,Yes,Nature,Spring,Summer,11.445652741921506
USA,400225.2527898872,1310,4.076919455717865,Yes,Cultural,Autumn,Winter,11.925775932816125
France,179688.29145958595,7518,3.359122435039054,Yes,Nature,Spring,Summer,11.623459020955963
Australia,487800.27646350185,7463,3.702422231598127,Yes,Nature,Spring,Summer,11.18785596999147
Australia,40370.91298296803,4056,3.054272274201068,Yes,Nature,Spring,Autumn,11.825892577070395
Egypt,311794.80630440806,2299,4.664985773274978,No,Historical,Spring,Winter,11.357885987916543
Egypt,187856.4548580293,9028,3.0707286167474335,Yes,Cultural,Winter,Winter,11.29687538539053
China,62944.83913603652,9260,3.8022350178898865,Yes,Historical,Summer,Autumn,11.934403988339756
China,437703.621730268,7965,3.8923600074917584,Yes,Historical,Summer,Spring,11.700845798555548
USA,169578.62237797378,3053,4.050073873909732,Yes,Beach,Summer,Spring,11.361086638903757
Brazil,173433.9576496368,6638,4.10672888502902,Yes,Historical,Winter,Winter,11.636349546524048
Egypt,427475.4946588989,8901,4.4431193667794115,Yes,Cultural,Winter,Spring,11.094408223004711
India,88886.7382523171,9643,4.855825832872302,Yes,Beach,Summer,Summer,11.313707502477225
Egypt,133702.5189901629,7215,3.53898409208616,Yes,Nature,Summer,Spring,11.110866473910225
Brazil,345978.6326984329,1998,4.310600806367868,Yes,Nature,Autumn,Autumn,11.134723476437447
USA,204476.98175122103,313,3.0971039765228974,Yes,Cultural,Summer,Autumn,11.89546192901081
India,330543.75646333804,1646,4.052821085749123,Yes,Nature,Autumn,Summer,11.395222159334837
USA,253656.67430412216,5099,3.1649235718025377,Yes,Historical,Autumn,Winter,11.800474351200453
India,20157.2254664696,619,3.5981247098390687,No,Historical,Spring,Autumn,11.171153449869689
France,381085.08796704514,1189,4.49799378777737,No,Historical,Summer,Autumn,11.398693210951805
France,227901.563665509,3499,4.804032628997784,Yes,Historical,Summer,Autumn,11.186458305727214
Brazil,345033.6127874423,6047,4.94640672060301,Yes,Cultural,Spring,Spring,11.779913393617704
Brazil,270769.6854038302,6224,4.889348833280771,Yes,Historical,Spring,Winter,11.7431537221066
India,302104.6629398968,3983,3.3525321263017416,Yes,Adventure,Autumn,Spring,11.221967850924887
Brazil,195554.5513040333,1874,4.404180714430319,Yes,Cultural,Summer,Winter,11.620111509210142
Egypt,491039.4452778453,3270,3.3473927303214372,Yes,Urban,Summer,Autumn,11.628103815358566
Australia,18943.282048314766,4264,4.582992814709687,No,Adventure,Autumn,Spring,11.358936547704111
Brazil,41092.07039506059,4262,4.027453920573652,Yes,Beach,Winter,Summer,11.694296076306184
Brazil,194849.8054885975,2233,4.757289709769629,Yes,Nature,Summer,Winter,11.883192305823973
Brazil,431988.9611062255,3713,4.8633323958898105,Yes,Cultural,Spring,Winter,11.817626198211894
Brazil,112863.19814254374,252,3.089223146629773,Yes,Adventure,Winter,Winter,11.51445947341902
Australia,247252.3570586577,6653,3.8636760425091703,Yes,Historical,Summer,Autumn,11.632189194191408
France,474360.08702411264,5330,3.3026301210891704,Yes,Urban,Spring,Summer,11.631225969691622
Brazil,262506.3338042529,246,3.5925361045030817,Yes,Beach,Autumn,Summer,11.82752200009755
Australia,21580.467642912095,7389,4.927720310623288,Yes,Adventure,Autumn,Summer,11.54314835532171
USA,302314.1590310497,2042,4.269452776390451,Yes,Adventure,Summer,Winter,11.706995780213571
India,434575.4481299935,8378,3.1373669505742834,Yes,Cultural,Autumn,Spring,11.5388264601206
Brazil,400795.2813931378,690,3.2813198662557435,Yes,Adventure,Winter,Spring,11.961045607746362
Australia,84562.61050248146,2363,4.028811279848577,Yes,Historical,Summer,Spring,11.858086311703158
India,212426.03565414358,7789,3.79170344157823,No,Cultural,Spring,Summer,11.078384873091474
Brazil,143625.91523162447,8206,3.4593961501346118,Yes,Adventure,Autumn,Winter,11.76260438817271
Brazil,294188.52802349976,1360,4.878014098330125,Yes,Adventure,Autumn,Autumn,11.886582398969868
Australia,421532.926820485,5563,3.4477193857584933,Yes,Cultural,Autumn,Spring,11.77085636612633
Brazil,83948.2122426691,7388,4.2673577187252,Yes,Nature,Autumn,Spring,11.003207188955498
France,227220.19946163933,5186,3.872479298122928,Yes,Urban,Winter,Spring,11.949957303272019
Australia,48727.31313829573,9358,3.419513561868174,Yes,Historical,Autumn,Spring,11.301558293632239
Brazil,57014.02173790054,4453,3.7152297064306863,Yes,Nature,Spring,Autumn,11.774904752338253
USA,11107.732627303374,6657,4.099490159142775,Yes,Nature,Summer,Winter,11.396974638236497
Egypt,407721.59952636727,8168,4.581972136321024,Yes,Urban,Summer,Winter,11.131057108879075
Australia,260830.443981548,7529,4.123348633519277,No,Urban,Spring,Summer,11.511838876160995
Brazil,434305.85749875905,4266,3.435624409238815,Yes,Cultural,Autumn,Autumn,11.430676108507402
Australia,410468.319154335,8385,4.816521297308121,No,Adventure,Summer,Summer,11.216091861465433
China,80323.6237600102,8698,3.989942850663124,No,Nature,Winter,Summer,11.286062139564802
Brazil,498271.8597362728,3088,3.002652486410791,Yes,Cultural,Spring,Autumn,11.370457359394113
Australia,235604.27575708347,7906,4.383274767752515,Yes,Urban,Winter,Spring,11.27777348359537
China,469169.0539744106,7522,4.221372128983274,No,Historical,Summer,Spring,11.635228805414945
USA,333797.07387696044,1518,4.7555411179721645,Yes,Beach,Autumn,Autumn,11.986914152486712
Australia,304509.0125130603,893,4.524564786335099,No,Nature,Autumn,Spring,11.027732119216578
China,274831.85659574176,8252,3.1740433701229316,Yes,Cultural,Spring,Summer,11.422556340343945
Australia,254608.45479770348,5320,4.3003428604837275,Yes,Beach,Spring,Summer,11.163241628251797
India,391369.8027909618,8307,3.461185739383682,Yes,Beach,Winter,Autumn,11.582565723977472
France,42247.71850646789,2672,4.3166556104982625,No,Nature,Spring,Spring,11.417513450871708
Australia,285970.9978372064,6545,3.5920465596338325,Yes,Nature,Winter,Summer,11.93154738487463
Australia,107059.23672483725,6388,3.882306895716316,No,Beach,Summer,Autumn,11.3897077327607
Egypt,469430.87607451784,581,3.8338145658945177,No,Beach,Summer,Summer,11.630324023156932
France,189245.00714034014,7939,4.826201096275758,Yes,Historical,Winter,Summer,11.879032647594125
USA,220475.47437375347,2303,4.157100862028192,Yes,Nature,Winter,Autumn,11.56348328095107
Australia,327404.4723581349,1623,4.408522120001988,No,Adventure,Summer,Summer,11.3016661499597
Australia,107808.39764424463,8054,3.5010089305038123,Yes,Beach,Autumn,Spring,11.655314346227954
France,348716.3019872019,6585,3.2948341083844253,Yes,Nature,Summer,Spring,11.848192487623512
Egypt,404123.2343797778,6725,4.825032514150721,Yes,Urban,Summer,Summer,11.598885324531484
China,413978.61002371396,3375,4.1950937058070625,Yes,Cultural,Winter,Winter,11.497608648103538
Brazil,257866.82020391087,8480,3.2576965456731353,Yes,Historical,Summer,Autumn,11.05270551947138
USA,406491.5129868876,6435,3.0772561130568468,No,Cultural,Winter,Summer,11.987553476351582
Egypt,482839.63799124875,4025,3.5254588144574797,Yes,Beach,Summer,Winter,11.996202732048378
Brazil,279902.47094957164,6349,4.920855874319681,Yes,Historical,Summer,Summer,11.25625251230302
India,28208.041537224984,7459,3.0854171657481366,Yes,Nature,Spring,Summer,11.954509145823621
France,407532.0759173353,6404,3.8321127443704133,Yes,Beach,Winter,Spring,11.020736432963734
Egypt,362588.4037808358,6373,3.8836217089550953,Yes,Beach,Winter,Spring,11.306148886190048
France,111836.81379795996,777,4.309587260233486,Yes,Nature,Winter,Winter,11.534351320637201
France,459934.92565518495,8962,4.625782699953832,Yes,Cultural,Summer,Winter,11.3637869506774
India,274074.5856281659,530,4.795262953179228,Yes,Urban,Winter,Autumn,11.031046351810426
Egypt,348639.2242052059,6634,3.228211973562067,Yes,Urban,Autumn,Spring,11.323246299600859
France,314642.3275227133,5656,4.674927806376041,Yes,Adventure,Winter,Summer,11.018222379722943
India,342218.70140059816,2702,4.951011782118967,Yes,Historical,Winter,Spring,11.647589145163893
France,468302.43048440537,8706,3.2557380884799154,Yes,Nature,Summer,Summer,11.796039928522921
France,342417.12732022227,7182,4.242833598456679,Yes,Adventure,Autumn,Spring,11.255358060581134
Australia,450781.6574457695,8826,4.836120347342742,Yes,Adventure,Winter,Spring,11.444458147621305
China,344278.6078583513,513,3.8597316098963077,Yes,Nature,Summer,Spring,11.622503254806992
India,64081.02541455613,7467,3.1251886691375077,Yes,Historical,Autumn,Winter,11.141578845076596
Australia,296097.00627361593,1940,4.234475989395444,Yes,Adventure,Autumn,Summer,11.699892869622866
USA,404457.87629787077,2966,4.762494477892582,No,Historical,Summer,Spring,11.859314140780034
India,96852.15511245989,3004,4.177269018857865,Yes,Beach,Winter,Autumn,11.370429109722263
Brazil,498036.2950191583,2648,3.1760813741308658,Yes,Beach,Summer,Autumn,11.411252221551283
Australia,299604.8424078621,687,3.987273000435441,Yes,Cultural,Autumn,Autumn,11.078036289480174
China,237107.5166523837,4337,3.7811760974350843,Yes,Cultural,Spring,Summer,11.227429609308704
Australia,354513.9890278155,2927,3.0383665937565705,No,Beach,Summer,Spring,11.812356575392974
Egypt,70059.40863344353,6725,4.158062109533201,Yes,Cultural,Summer,Spring,11.548770655000599
USA,430292.5412899266,5949,3.1597903848513846,Yes,Historical,Winter,Summer,11.635299083432574
Australia,400708.1628025551,2451,3.7807136299600295,No,Urban,Winter,Winter,11.997146895692872
Australia,427433.5771701719,7324,4.993724560104859,Yes,Urban,Spring,Spring,11.822807000661145
France,203618.46907294675,356,3.1769153113723303,Yes,Historical,Spring,Summer,11.556206142065935
Egypt,54736.75764291954,1575,3.911997724233442,Yes,Cultural,Autumn,Winter,11.298262668870118
Australia,71333.04639163462,4710,3.632095482606826,Yes,Nature,Autumn,Spring,11.821003491003312
Brazil,483961.68451041053,8559,4.564368267655439,Yes,Cultural,Autumn,Winter,11.824342244407605
India,353175.79200939223,6369,4.091571548948311,No,Adventure,Autumn,Summer,11.707413956528038
USA,448725.8320878071,4839,4.931940914381383,Yes,Historical,Autumn,Summer,11.274425069034589
Egypt,204231.5049150318,3120,3.2159995685312364,Yes,Adventure,Autumn,Winter,11.960236299845482
USA,386599.6881023855,5703,4.644527836950899,Yes,Beach,Summer,Autumn,11.333910976304484
Australia,176432.01451600424,8036,4.560638265336434,Yes,Beach,Summer,Winter,11.587677266617396
India,146479.43082510776,4020,4.433489790547277,No,Historical,Winter,Autumn,11.161587536846927
USA,34660.821265529106,4310,3.013501351095276,Yes,Adventure,Autumn,Autumn,11.894082827667035
USA,124760.18954746946,400,4.447733278991022,Yes,Nature,Winter,Summer,11.127288324650566
Australia,314553.3202486992,2431,4.784063453203545,Yes,Historical,Winter,Winter,11.037638206965276
France,425647.44515766157,2904,3.2347052383384507,No,Cultural,Winter,Summer,11.699579219582539
USA,355195.56164742424,7927,4.609706451267883,Yes,Cultural,Winter,Winter,11.36615254735027
China,147084.18871300336,1956,3.564453800599986,No,Adventure,Autumn,Summer,11.31198846905015
Egypt,418518.5299438199,3549,4.1097958668400025,Yes,Beach,Summer,Autumn,11.386754840012237
Brazil,24662.824824292693,4022,3.5956938094348896,Yes,Urban,Spring,Summer,11.494753159013271
India,48975.27633525898,2824,3.4292795657460617,No,Nature,Winter,Autumn,11.009005063844615
Australia,295099.394456966,3054,3.1086313760700155,Yes,Nature,Spring,Autumn,11.364817033631397
Brazil,45193.78803995453,6247,3.4875574938463414,Yes,Historical,Autumn,Autumn,11.687963757554535
USA,173992.31547582403,148,3.885268710127317,Yes,Beach,Winter,Spring,11.798088285153666
Australia,169733.07932609908,1071,4.458430014917044,Yes,Cultural,Winter,Autumn,11.06665880587619
Brazil,75513.88710086065,7596,4.9804244730062415,Yes,Cultural,Autumn,Winter,11.234427598967882
France,367247.9307667759,927,3.906534611316138,Yes,Historical,Autumn,Winter,11.499310467829872
Brazil,429373.6257027652,8170,4.133637793283658,Yes,Nature,Autumn,Spring,11.932155171810049
Egypt,111049.19582666429,5093,3.517362924111109,Yes,Beach,Autumn,Spring,11.713678707538364
France,339972.0653652266,3014,4.431087808551231,Yes,Cultural,Autumn,Winter,11.800928040812277
Brazil,197391.14850926533,4794,4.2779522704422455,No,Urban,Winter,Winter,11.92415782589112
Australia,72028.0044128483,1981,3.0321956723851855,No,Nature,Spring,Summer,11.17593238237629
China,383120.33148445596,3323,3.344196241362307,Yes,Adventure,Spring,Spring,11.968636912756512
France,413322.1336129378,1355,3.2226342382401505,No,Historical,Summer,Autumn,11.390358262886014
China,369228.316343444,3433,3.9592570562004896,Yes,Urban,Summer,Summer,11.92846590915781
USA,421028.19666684937,2325,3.1748372454632166,No,Historical,Summer,Summer,11.410321689289276
Brazil,150120.3237980938,7647,3.997838564442038,Yes,Beach,Spring,Winter,11.66345815265224
Australia,462564.1923943799,6605,3.4131602565317047,Yes,Cultural,Autumn,Spring,11.063735725260234
Brazil,166384.09706370518,5764,3.1897547558968156,Yes,Urban,Spring,Winter,11.154061797510321
Australia,431983.10797968035,7995,3.821411355443809,Yes,Beach,Spring,Winter,11.485356390447537
China,86917.56425533618,1978,4.419684735206088,Yes,Beach,Summer,Winter,11.338187458756448
USA,209388.3236029803,1594,3.3048688164084212,Yes,Historical,Spring,Summer,11.665110660756026
Australia,196859.8496244428,6951,4.29723004649875,Yes,Nature,Spring,Winter,11.674435385571218
Brazil,303108.12174087984,6465,3.328296214484988,Yes,Beach,Spring,Spring,11.286269448071765
Brazil,313518.2322223783,2793,3.458120320710889,Yes,Adventure,Spring,Summer,11.716804418449188
China,65417.78146813081,4200,4.371841433554094,Yes,Historical,Autumn,Spring,11.713482881665207
India,428293.94847425143,668,3.039592786596934,Yes,Historical,Autumn,Autumn,11.103111702279321
Australia,464270.60745573504,4086,3.156446961220033,Yes,Beach,Summer,Winter,11.19724863030122
India,338478.9347184399,1681,3.45533254398672,Yes,Cultural,Autumn,Spring,11.115269774418262
China,473202.17667668656,5647,3.1849282428630215,Yes,Cultural,Autumn,Summer,11.096002623421972
France,18235.448512499876,8061,4.773409678301623,Yes,Urban,Winter,Winter,11.257241244676178
USA,173055.6612504633,9345,3.4427041883508775,Yes,Urban,Spring,Winter,11.407968854719652
India,127518.19398097636,439,3.275871322739884,Yes,Nature,Spring,Spring,11.14247622730768
Egypt,430814.1242889861,9960,4.614952925782663,Yes,Urban,Winter,Spring,11.3021321677594
India,84219.94783387572,1570,4.637215805229445,Yes,Nature,Spring,Autumn,11.95983456035298
Brazil,219606.78972009898,9785,3.802794848338837,Yes,Adventure,Spring,Spring,11.819076767207736
Brazil,333445.95700857753,4089,4.710494133722065,Yes,Urban,Autumn,Summer,11.310421595873649
India,61831.56806012916,9951,4.161102979039237,No,Urban,Summer,Spring,11.615935672243138
Egypt,24397.03449363219,2965,3.1941695029509436,Yes,Nature,Summer,Spring,11.71762873643935
Australia,198334.2642476606,8532,4.136277101195752,Yes,Nature,Autumn,Winter,11.227056639507317
China,481549.48303139483,5900,3.2751315858013266,Yes,Beach,Winter,Summer,11.486352501233362
France,251693.12046958233,6758,3.3607115864008064,Yes,Beach,Summer,Spring,11.620070242226143
India,115940.29684472033,9455,4.611362699150266,No,Beach,Spring,Spring,11.877377038504005
Egypt,448244.2363231222,9717,4.449083013597706,Yes,Adventure,Autumn,Summer,11.358707569583938
USA,41816.867792247715,768,3.8698750898519925,Yes,Beach,Autumn,Winter,11.31478012733073
Egypt,203647.59963941635,288,3.3207394062370543,Yes,Beach,Autumn,Autumn,11.3717650005702
Egypt,10339.636746543774,2654,4.517298100712007,Yes,Urban,Autumn,Spring,11.498121335971517
Brazil,51635.4195228281,1662,3.9177212538793036,Yes,Nature,Winter,Autumn,11.697697383068643
India,125667.43660977628,8189,3.1592124771285404,Yes,Cultural,Autumn,Summer,11.339720466709958
Egypt,286865.5312880511,2637,4.677440839143527,Yes,Historical,Winter,Autumn,11.570811477466824
India,16663.718938351645,1792,4.84415019246143,Yes,Beach,Autumn,Autumn,11.11082665188889
USA,151759.9598809676,5226,4.527966169601911,Yes,Adventure,Summer,Autumn,11.547554881245055
USA,468476.3775426472,8537,4.210100976977929,No,Cultural,Winter,Winter,11.99442480217352
China,267438.4566951163,2160,3.024223199593404,Yes,Beach,Spring,Summer,11.645659051876226
Brazil,310542.942041511,8772,4.334750480116977,Yes,Beach,Winter,Autumn,11.754185438981368
India,141139.520441661,9555,4.363126763416614,Yes,Urban,Spring,Summer,11.024788890251276
Brazil,422612.81356388424,372,4.319654839768514,Yes,Cultural,Winter,Autumn,11.637779875872392
USA,217344.89420510965,5580,4.540304262596114,No,Urban,Autumn,Summer,11.29065789809622
Egypt,314138.10702980665,5694,3.299685698800344,Yes,Nature,Spring,Winter,11.156325908355035
USA,211574.7377293241,2079,4.103020740857996,No,Adventure,Summer,Autumn,11.803745771557832
China,91407.70174306941,139,3.4691322960150592,Yes,Beach,Winter,Winter,11.540499366410469
Egypt,373548.1609391231,2927,3.713955681220791,Yes,Cultural,Summer,Winter,11.595645173121605
China,124213.82520206987,8940,4.3432541486642275,Yes,Historical,Autumn,Summer,11.996295851203769
China,82893.55416172864,9846,3.9871542634431805,Yes,Adventure,Spring,Summer,11.94386020590775
China,28522.122320873837,527,3.590904051718086,Yes,Beach,Winter,Winter,11.773014344470564
China,134534.9245010139,3007,3.1474416115956076,No,Adventure,Autumn,Winter,11.196008111537484
India,172707.14415195465,770,4.169366309739958,Yes,Beach,Winter,Winter,11.031183561552336
USA,360959.1870516389,8716,3.116574732418439,No,Historical,Spring,Spring,11.109815211292588
Egypt,477684.45878477435,8512,4.730338940152742,Yes,Adventure,Autumn,Spring,11.251400125433815
Australia,357177.00257741706,8952,3.8314722832505623,Yes,Nature,Summer,Summer,11.159873745212115
France,205244.350479904,1896,4.9594552540636645,Yes,Beach,Spring,Autumn,11.602665388631769
China,253939.0707383594,3221,4.748140527442664,Yes,Beach,Autumn,Summer,11.895120540038835
China,234302.22057343292,7012,4.294834873349952,Yes,Historical,Summer,Winter,11.917586086317831
Australia,58441.26753487351,773,4.182339762822272,Yes,Historical,Summer,Summer,11.832784997801228
Brazil,169391.7525954647,5247,4.303493263851447,No,Historical,Spring,Winter,11.702439418209751
Egypt,66827.5800647453,1508,4.493847066307061,Yes,Beach,Spring,Winter,11.732798717075912
Australia,291652.72258192074,3175,4.924314205749062,Yes,Beach,Summer,Spring,11.104318510591945
India,408925.71671602136,5442,3.705506981269648,No,Historical,Summer,Summer,11.188015652236926
France,106399.26831417686,8156,4.317150918525467,Yes,Cultural,Spring,Summer,11.438704892051165
India,456609.93067608366,8659,3.323188534824447,No,Historical,Winter,Autumn,11.947034067871794
India,18577.005538686062,7598,4.363755694393235,Yes,Nature,Spring,Spring,11.080270429521423
Australia,292449.6498852109,5990,3.1129721222602527,Yes,Adventure,Autumn,Winter,11.923276205367072
China,279935.5476070462,2282,3.962856410367392,Yes,Cultural,Winter,Winter,11.524516502666485
India,26634.286160893244,1704,3.714593892266352,Yes,Nature,Summer,Autumn,11.187842897546526
India,400526.6349988151,262,3.6147690672114425,Yes,Adventure,Spring,Autumn,11.803545186882202
Brazil,112381.58292609247,2511,4.622161233290594,Yes,Urban,Spring,Spring,11.276845605964482
Australia,401104.79363927274,9830,3.208085152210769,Yes,Cultural,Winter,Summer,11.482173815474653
Brazil,35922.64572849913,5856,3.3828770117358946,Yes,Cultural,Winter,Autumn,11.383896324046471
Egypt,183416.50135661877,813,4.240215821845469,Yes,Adventure,Spring,Spring,11.906773760328617
USA,196381.36352375834,7343,3.1280127395568282,Yes,Cultural,Autumn,Winter,11.093456183987337
France,404170.9754833228,3982,3.4003130841842526,Yes,Adventure,Spring,Autumn,11.953564328618349
USA,314093.24616627867,1079,3.324975911789105,Yes,Urban,Autumn,Autumn,11.14175694649676
France,463929.4340972336,3754,3.9154496189482373,Yes,Adventure,Summer,Summer,11.999585582432372
Brazil,295960.5105678197,2730,3.3116342605038263,Yes,Urban,Winter,Spring,11.840221497854131
USA,147506.89167894376,6046,3.9371613866290454,Yes,Cultural,Spring,Summer,11.505071297204312
France,421199.30587342253,117,4.083104522565051,Yes,Beach,Spring,Spring,11.89135781242602
Australia,381912.07459634735,8262,4.334990475856518,Yes,Urban,Winter,Winter,11.383687343642466
France,277616.1503476521,491,3.6130102860078903,Yes,Historical,Autumn,Spring,11.357710944051984
China,192693.38881253745,9149,3.5661209170713706,Yes,Urban,Summer,Summer,11.488431824601394
USA,58279.02189253757,3917,4.850262457777842,Yes,Beach,Spring,Summer,11.913875345671624
USA,255285.03746111935,1112,4.518845173466847,Yes,Nature,Winter,Autumn,11.64269043880671
Australia,161584.0376657151,5515,4.861247187220659,Yes,Beach,Spring,Spring,11.815632550213937
Egypt,185517.47589828813,2416,4.980475712987862,No,Historical,Spring,Summer,11.40269774436206
China,182619.6118220986,5236,4.906244963519108,Yes,Adventure,Summer,Spring,11.85962154462738
France,335477.8646231273,3481,3.2813864808946693,Yes,Nature,Summer,Spring,11.909540699334375
USA,333266.2657645462,687,4.116155205351063,Yes,Nature,Summer,Autumn,11.549413761204482
India,58252.52279521613,7769,4.234758768299419,No,Adventure,Autumn,Autumn,11.940534171107602
India,410182.63549880066,6806,3.5097146692539622,No,Adventure,Summer,Spring,11.664602206420454
France,357143.71974879806,9993,4.292760972697447,Yes,Historical,Summer,Summer,11.629187456410193
France,225768.16423994393,2313,3.8797343232955965,Yes,Urban,Summer,Winter,11.755473139074692
India,165816.19465385276,8548,3.7967440685846796,Yes,Adventure,Winter,Summer,11.786995426973846
France,435911.4738706499,9577,4.322812485700642,Yes,Cultural,Winter,Autumn,11.183241959131749
China,29075.342404547275,8834,4.289596536521683,Yes,Urban,Spring,Spring,11.61640320725966
USA,40877.27515487964,5778,4.42896290777511,No,Nature,Winter,Summer,11.524931672963271
Egypt,403801.9721581825,6640,3.8117604016971356,Yes,Cultural,Spring,Winter,11.39234526562966
USA,56324.325700837086,4768,4.741048752336847,No,Urban,Winter,Winter,11.311468843940698
Australia,30354.939079702912,9142,4.520413996127558,Yes,Beach,Summer,Spring,11.047591363753664
Egypt,140711.569367511,5408,3.6977728425541154,Yes,Urban,Winter,Autumn,11.095054672943334
France,77956.39361343422,6269,4.078580730973505,No,Urban,Winter,Summer,11.207073858005668
India,362553.3379996323,1948,4.299937853196412,No,Historical,Summer,Summer,11.042961478325275
Egypt,329220.566474836,2016,3.766736745606318,Yes,Urban,Spring,Winter,11.357623276177165
Brazil,299979.21632989816,6746,3.837716001008201,Yes,Beach,Spring,Summer,11.173884276454256
Egypt,198973.85822055544,4023,4.0244291107374295,Yes,Beach,Autumn,Winter,11.620307881826385
China,40464.04056037243,7125,3.8059718683248542,Yes,Cultural,Summer,Winter,11.56712190171965
France,209558.41989048637,9497,3.0257731220193906,Yes,Urban,Winter,Spring,11.835619225590747
China,173047.16647671122,4758,3.168140665704073,No,Nature,Winter,Autumn,11.099019794075508
USA,174702.68260460044,9333,3.7109501326995176,Yes,Adventure,Winter,Winter,11.02023409260555
Egypt,327229.48260996933,5359,3.5558018018771476,Yes,Nature,Summer,Autumn,11.657394899779208
Brazil,299830.7651394811,7427,3.185191911316768,Yes,Beach,Autumn,Autumn,11.63435238650733
India,82829.39078692229,1728,4.089518071080552,Yes,Adventure,Autumn,Spring,11.547483116554414
China,400269.01039381605,6623,4.1902603541211105,Yes,Cultural,Autumn,Autumn,11.284324528323259
Brazil,34304.231242618975,5715,4.88465415484193,No,Cultural,Winter,Winter,11.887241675374312
Egypt,466550.16130382905,1636,3.235755563724886,Yes,Cultural,Winter,Spring,11.65155864937987
France,308071.9036802125,7447,4.934691105662569,Yes,Historical,Summer,Spring,11.345468695401157
India,132516.95191917516,1839,4.008764443702669,Yes,Historical,Winter,Autumn,11.52885386612667
Brazil,370617.1184773445,9009,4.495351207712567,Yes,Urban,Autumn,Autumn,11.640168527361269
China,491158.2104343458,5131,4.611097715634789,Yes,Nature,Winter,Spring,11.914238004296228
Australia,55954.36230121153,6386,3.0718909677256967,Yes,Nature,Spring,Autumn,11.642315925082363
India,333333.2578700213,1240,4.785702251533298,No,Adventure,Summer,Autumn,11.026904775753422
China,172674.36875991308,3192,4.188364520007935,No,Beach,Summer,Spring,11.34719998171927
India,244402.66886367163,3451,4.602175528200187,Yes,Historical,Autumn,Summer,11.211861044196592
China,124977.67429616628,1847,3.8992748218572544,Yes,Beach,Summer,Spring,11.488071048020009
France,138205.0806893259,3734,4.226663667686981,Yes,Nature,Spring,Winter,11.41477687965702
France,414319.0333030786,961,3.525155867450973,Yes,Beach,Winter,Winter,11.272845488206935
India,203850.64651332045,2460,3.1817159447615255,Yes,Beach,Summer,Winter,11.784292601122523
India,279720.7871033913,8410,4.866557707727022,No,Beach,Autumn,Spring,11.50923126846218
Brazil,381145.5084710971,6398,3.2305168644634294,No,Historical,Summer,Spring,11.920652867822204
Egypt,448895.98085871356,9279,3.087340941407809,Yes,Historical,Winter,Autumn,11.354503822891127
Brazil,176107.30559144937,9264,3.3256328383266527,Yes,Nature,Winter,Spring,11.834346355527373
France,102459.87834980797,8177,3.3487861108477626,Yes,Cultural,Autumn,Winter,11.370287533701537
India,392095.26669177716,3312,4.240586284985822,Yes,Urban,Autumn,Autumn,11.791461058762085
China,283455.10565093654,5143,3.4207781657301317,Yes,Beach,Winter,Summer,11.66829979049792
China,22695.00527074783,8972,3.576003441726505,Yes,Adventure,Winter,Summer,11.835306587839503
Australia,352471.3904894394,1458,4.396960199802731,Yes,Nature,Autumn,Spring,11.874621722531264
USA,308496.278456981,771,4.261576761116263,No,Urban,Summer,Winter,11.108092256556104
France,440347.32563417073,5787,4.59209549729167,No,Adventure,Spring,Winter,11.756077259067268
France,116709.28282215947,6304,4.515754817040502,Yes,Nature,Winter,Summer,11.768486136331095
Egypt,399512.5025594591,453,4.366223969002962,Yes,Nature,Spring,Spring,11.250873481415676
Australia,402928.81989930256,1074,4.277226048513873,Yes,Historical,Summer,Winter,11.770036591824498
France,480806.6203833787,3893,4.466273394369926,No,Cultural,Summer,Spring,11.867006497646436
Brazil,318807.3775986009,1819,4.879492607993935,Yes,Cultural,Spring,Summer,11.992690639281072
Egypt,191398.52205705724,2407,4.930786833930147,No,Nature,Winter,Autumn,11.383209062154819
China,278119.3808840649,9016,4.664687104173029,Yes,Nature,Winter,Winter,11.616601900479997
Brazil,228011.93433646148,3225,3.4097996173260796,Yes,Cultural,Summer,Summer,11.22026348565919
USA,172292.81541656968,4546,3.5489552748917923,Yes,Nature,Spring,Autumn,11.373670904541171
France,339313.64946313057,351,3.4888512761935173,Yes,Historical,Spring,Winter,11.050208127453182
India,173839.41147379353,8132,3.4000759768966597,Yes,Nature,Summer,Spring,11.791357122201077
Egypt,114915.64145346421,8906,4.66715892586218,Yes,Historical,Winter,Spring,11.723425159359453
France,88204.31234644385,7281,3.464317642500447,No,Historical,Winter,Summer,11.580971227431279
USA,182205.11681504129,8538,4.3272384513780064,Yes,Nature,Winter,Winter,11.88286283868472
China,498885.5005274451,6255,3.6673298758755384,Yes,Nature,Autumn,Spring,11.099214021705546
India,419104.00217844604,6422,3.445293626970968,Yes,Beach,Winter,Summer,11.193993097209068
Egypt,361229.618280985,2934,3.2693002231355854,Yes,Beach,Autumn,Summer,11.89167131800744
Australia,461761.7986881285,2098,4.849431401928732,No,Nature,Autumn,Autumn,11.497709856752044
Egypt,66896.09236635358,4523,3.744993458555636,Yes,Urban,Spring,Summer,11.95550588671942
China,71895.86311842198,9775,4.432231943174982,No,Beach,Spring,Spring,11.009561811395587
Australia,239309.034773839,2303,3.96016351013251,Yes,Nature,Spring,Autumn,11.429847606833043
India,331165.65588730434,9991,4.540540164026058,Yes,Nature,Summer,Autumn,11.790356404533217
Egypt,151488.4892639282,8045,4.188091534136126,Yes,Adventure,Autumn,Winter,11.546786518136797
Australia,493998.7671829688,1342,4.072086836511119,No,Cultural,Winter,Winter,11.834479463450393
China,498622.56340104877,2488,3.3741023435197457,Yes,Nature,Spring,Winter,11.07865864720438
USA,39795.7774922703,5646,3.5624070357339477,No,Nature,Autumn,Autumn,11.177375674206756
France,276625.85834208276,6035,3.6168934108546082,No,Beach,Autumn,Winter,11.371042003281532
India,221590.42209001622,9116,4.473318160360621,Yes,Nature,Spring,Autumn,11.146706541179505
Brazil,92474.15380488345,5797,4.202783508793248,Yes,Adventure,Spring,Summer,11.233357702812361
USA,273977.2616319371,5585,4.863530503477998,Yes,Historical,Summer,Autumn,11.853891228820837
France,408355.45552664757,6937,4.259682234726564,Yes,Urban,Winter,Summer,11.766664929409506
USA,132900.01381069087,8725,3.572801766693805,Yes,Historical,Autumn,Spring,11.996547913940155
China,222502.44978929308,1525,3.5275697340218777,Yes,Cultural,Winter,Spring,11.731965156361122
France,259573.01297950817,8299,3.1678635467563376,Yes,Beach,Autumn,Winter,11.217639822338267
Egypt,73266.25439327427,9804,3.967655509780823,Yes,Cultural,Winter,Spring,11.961477641160359
Australia,297258.27596801845,1232,3.764566083808843,Yes,Historical,Autumn,Winter,11.4014048653986
France,465864.8949694871,6746,3.2283095235475487,Yes,Nature,Winter,Summer,11.433467894567126
USA,65014.89127543606,3169,3.8034340184808135,Yes,Historical,Summer,Summer,11.430731422753839
China,93840.9637584397,3490,3.2457758823427927,Yes,Historical,Summer,Autumn,11.674497474190847
China,496892.63296542456,573,4.8990492568467685,No,Cultural,Winter,Summer,11.194052193569656
France,19340.649250870738,7896,4.084168542352343,No,Beach,Spring,Spring,11.445285564833938
Australia,166679.48548933223,4310,3.69969883622426,Yes,Cultural,Summer,Spring,11.808212196190793
France,43008.39436660061,6918,4.103181703300561,Yes,Historical,Summer,Spring,11.829189246202732
India,457840.8751787135,5416,3.9297671473863227,Yes,Adventure,Summer,Winter,11.174511465774547
USA,301804.3893841303,8061,3.9119729067914077,Yes,Urban,Spring,Autumn,11.628610977051709
Brazil,488991.9790993969,1878,4.640832277453079,No,Adventure,Spring,Winter,11.815060646003959
Australia,61252.33410759902,6657,3.697855685100535,No,Nature,Spring,Autumn,11.831789911549638
Australia,54830.394014543424,2352,3.151267338884451,Yes,Beach,Winter,Winter,11.881595710889112
China,358510.28815167723,3585,3.568129396422774,Yes,Urban,Autumn,Summer,11.595228044239578
Brazil,364170.27012591664,2725,4.732634123924821,Yes,Cultural,Spring,Summer,11.215347021267993
China,172420.78329295214,7639,4.82789323022641,Yes,Adventure,Summer,Summer,11.314520291401616
Australia,95074.22099110717,7847,3.6056465435769858,Yes,Beach,Spring,Summer,11.489253042525828
China,461348.99238587206,1047,4.439033890466275,Yes,Historical,Spring,Summer,11.715996839915153
China,106988.30872151369,1171,4.957977650682576,Yes,Urban,Spring,Winter,11.729254197166412
USA,393697.47757962655,8930,3.136187539861904,Yes,Nature,Spring,Autumn,11.4365266599777
France,79130.81393808757,7110,4.865213578997767,Yes,Nature,Spring,Autumn,11.294933294390818
Brazil,328677.62056353845,1580,4.025298723826093,Yes,Adventure,Spring,Summer,11.021555312928214
India,411282.4471520999,1014,3.2483111166749152,Yes,Historical,Summer,Summer,11.136170795097941
Brazil,286632.9898768639,9846,3.2973743472770165,Yes,Urban,Winter,Summer,11.219801191527889
Egypt,449855.36314663116,3539,3.5666153778470626,Yes,Beach,Spring,Summer,11.330463589005678
France,250244.13178865897,3975,3.8292283121969843,No,Nature,Spring,Spring,11.220436366548427
USA,182775.43551097243,7438,4.096928764451383,Yes,Beach,Summer,Spring,11.189077615060972
France,129122.67519297882,6678,4.6841525169622535,Yes,Historical,Autumn,Spring,11.821156725340591
France,32442.973285268086,6105,3.3651183725373026,Yes,Cultural,Spring,Spring,11.559399222302764
Australia,223392.13462350838,1316,3.3550826522143793,No,Urban,Spring,Summer,11.961798100875509
USA,450499.9056549957,8965,3.1397560428151357,Yes,Historical,Spring,Summer,11.957511945274632
Egypt,228996.4180178304,3978,3.077839686632106,Yes,Historical,Spring,Autumn,11.62236899398838
France,196855.22098971205,5247,3.600264903262768,No,Nature,Summer,Spring,11.623413472064057
Australia,120359.41795787675,4494,3.167962378072082,Yes,Nature,Autumn,Spring,11.780594209643956
China,219245.87701224379,592,4.895189656211674,Yes,Beach,Autumn,Winter,11.731172650952445
USA,115566.07548141935,9390,3.289432742617504,Yes,Beach,Autumn,Spring,11.472790020909587
Australia,128095.83684692992,6936,4.075064068053735,Yes,Urban,Spring,Spring,11.875190682086425
France,216731.53360477387,7760,3.611456809151774,Yes,Historical,Winter,Autumn,11.117817578053334
France,207597.50155200507,2079,3.370300302197036,Yes,Urban,Autumn,Autumn,11.314841054167852
USA,475507.6887139253,4374,4.790272618065351,No,Nature,Winter,Summer,11.26903325667329
USA,44809.997311714964,925,3.875321917395572,Yes,Nature,Winter,Summer,11.936394667998865
Brazil,475950.9398575659,742,3.050268301442255,Yes,Historical,Winter,Spring,11.533911257392171
USA,255789.56315089753,3253,4.59838741152655,No,Nature,Winter,Summer,11.390053382720838
France,418189.7803228832,6764,4.5195990810013695,Yes,Cultural,Spring,Autumn,11.315617687400303
China,36527.237333577315,1940,3.689391337681763,Yes,Nature,Spring,Autumn,11.721825911183918
Brazil,388635.4622726897,9297,3.7104135367405346,Yes,Beach,Winter,Winter,11.023927364351586
Egypt,57510.32757773149,3281,3.7114059415542586,Yes,Cultural,Winter,Summer,11.052344222879901
France,33671.82296951717,1250,3.586847203064355,No,Adventure,Spring,Autumn,11.254393427910799
China,136891.17236420425,8771,4.93867020970847,No,Adventure,Summer,Spring,11.022183025194884
Australia,403442.3016138363,9004,4.098363102726884,Yes,Cultural,Winter,Summer,11.348249237872304
Brazil,486493.0700411285,2964,3.0448706300443487,Yes,Urban,Winter,Autumn,11.54638020841772
USA,383604.81472419895,381,4.272213601377992,Yes,Urban,Winter,Winter,11.762388769181722
China,234584.74528953608,1609,3.290621494232446,Yes,Urban,Summer,Winter,11.428277521046383
India,332026.8250398503,7215,3.908350902707119,Yes,Urban,Summer,Winter,11.000313278759435
Egypt,130537.87331754465,7486,4.3364658092222585,Yes,Adventure,Spring,Summer,11.641500302637208
China,174094.66203927947,9588,4.712376067058141,Yes,Historical,Summer,Autumn,11.849228885029135
India,375683.9240122559,2615,4.8501798933015055,No,Adventure,Spring,Winter,11.963704515335607
Brazil,370327.33209459577,6014,4.4477808853424206,No,Historical,Summer,Autumn,11.762639735392213
France,305223.0707503991,8769,4.371311498293355,No,Urban,Summer,Summer,11.076532316885071
USA,193870.21876123437,4970,4.428038938617181,Yes,Nature,Spring,Autumn,11.05147668082314
Egypt,376370.12771170016,283,3.6404756901912547,Yes,Adventure,Spring,Summer,11.948604017511142
Brazil,223323.42750842552,4028,4.551195474713879,Yes,Urban,Summer,Summer,11.211958124735236
USA,342296.8530486756,6748,3.839237289327581,No,Adventure,Winter,Winter,11.320966849932464
China,112361.19758627743,5292,3.927016571059254,No,Urban,Summer,Spring,11.660806897656036
India,184444.14607570547,7505,4.019606806691451,No,Historical,Summer,Spring,11.611185538218383
India,169253.4399956923,6520,3.24372414815206,Yes,Cultural,Autumn,Autumn,11.311035389556702
Brazil,324648.6144407167,5027,3.5418154479893302,Yes,Nature,Spring,Winter,11.688113317118738
France,136438.2327891831,8004,4.078598400459987,Yes,Urban,Summer,Spring,11.969236509105274
USA,119886.91026429815,7153,3.5813522136644416,Yes,Adventure,Summer,Spring,11.423401534385949
India,16520.524610258886,8678,4.167886415585096,Yes,Historical,Winter,Autumn,11.67235098726698
China,368876.8391182506,2729,3.2280035363990525,Yes,Cultural,Summer,Summer,11.374943568565774
Egypt,387296.3203279795,3812,3.6460764653326296,Yes,Nature,Winter,Summer,11.822264128941198
USA,294999.3429910321,1667,4.377185787276437,No,Adventure,Summer,Spring,11.38187724130586
France,75319.61783156208,8251,3.7207255725185533,Yes,Urban,Autumn,Winter,11.588430206670239
Brazil,259509.03291727175,8837,3.320022377416495,Yes,Adventure,Winter,Winter,11.166817696556743
China,251609.7591386403,6401,3.477596449623497,Yes,Nature,Autumn,Spring,11.097709083327697
USA,394505.27178614965,7407,3.018959459587341,No,Adventure,Autumn,Winter,11.1458840132821
Australia,369718.5998423192,3812,4.670924675286224,Yes,Beach,Autumn,Winter,11.958819787594576
USA,118418.72806456454,9731,4.428683036628462,No,Historical,Summer,Summer,11.615195534512747
France,452225.51179732644,3229,3.366062233287475,No,Urban,Autumn,Winter,11.586507804079107
France,216831.23258304174,9529,4.776475339918477,Yes,Nature,Autumn,Summer,11.859062171319257
USA,76949.36976257354,7988,3.896951632072524,Yes,Historical,Spring,Winter,11.48900260843741
Egypt,14074.09985680498,2340,3.274188941106252,Yes,Historical,Autumn,Summer,11.817577607464559
Brazil,76466.36121810133,7363,4.226289090237613,Yes,Cultural,Winter,Winter,11.810096828083617
Australia,297649.89555494406,9552,4.887413569503265,No,Historical,Spring,Spring,11.018388868730975
USA,463385.4419563399,4035,3.41279152024126,Yes,Historical,Summer,Spring,11.750259677842257
Australia,262433.82232061547,9820,3.58866687856334,Yes,Cultural,Winter,Spring,11.81190323509611
France,108066.02299010426,1416,4.353573448433535,Yes,Beach,Winter,Autumn,11.39453502810392
Brazil,357729.4217608197,4258,3.873203533865098,Yes,Historical,Spring,Summer,11.26786279228512
Australia,315275.5604036033,7857,4.3611883228392,Yes,Urban,Winter,Spring,11.31241699151788
China,113029.86575328915,9464,3.9375748569339395,Yes,Urban,Winter,Spring,11.054972616787692
France,92920.54766496463,2033,3.0581229092814173,Yes,Beach,Winter,Autumn,11.215214996507257
France,263016.65656951163,3705,4.5688069848099,Yes,Urban,Spring,Summer,11.82673628133657
USA,284748.9029903879,6934,4.745465324360169,Yes,Nature,Autumn,Winter,11.727429617062793
India,92643.01669304981,2600,4.414352640830532,Yes,Historical,Summer,Spring,11.564843648763716
India,78753.05782841459,4929,4.144514867311493,Yes,Urban,Winter,Winter,11.898635285006849
Egypt,222344.1649261175,3486,3.749621430756199,Yes,Nature,Winter,Spring,11.664908792107992
China,34026.61196472336,9663,4.707667079026489,Yes,Cultural,Winter,Spring,11.411541792008508
France,267477.0512468064,5964,3.405834371088713,Yes,Urban,Spring,Summer,11.945770966969391
Egypt,59594.47776790051,7339,3.4976972847476233,No,Historical,Autumn,Autumn,11.79349836230961
India,14516.916064032459,5596,3.995482062317627,Yes,Beach,Summer,Summer,11.401955192517683
India,338237.31413303094,9390,4.732531244821782,Yes,Beach,Summer,Summer,11.263836662073713
France,118334.53026228031,4759,4.091893583525023,Yes,Cultural,Autumn,Winter,11.756770482756743
France,316348.2344356268,2984,3.866632177021935,Yes,Beach,Summer,Summer,11.049804992868745
Australia,104129.93462623778,5966,3.979341121998373,Yes,Nature,Winter,Summer,11.537798603200956
France,458224.1403062945,3020,3.319591267271786,No,Nature,Autumn,Winter,11.87823088202401
China,196446.70947516267,4531,3.7051578619760166,Yes,Nature,Autumn,Spring,11.757278633195085
France,323520.2270830291,8678,4.478087019116439,Yes,Cultural,Autumn,Summer,11.046024592813712
Egypt,158044.09691285068,4237,4.884784375639783,Yes,Cultural,Spring,Summer,11.633544480830539
Brazil,90664.40425439247,8561,3.2880636692239578,Yes,Historical,Spring,Summer,11.833101923012688
USA,296374.41185182135,7028,4.744250002613565,Yes,Beach,Winter,Summer,11.039011503806787
Australia,36595.34021584234,7544,3.6937378705704784,Yes,Nature,Winter,Summer,11.440175962001096
Egypt,387680.89396583854,1633,4.352824187335635,Yes,Historical,Spring,Autumn,11.910898997872021
USA,83266.4258802446,9973,3.96120973896491,Yes,Historical,Spring,Spring,11.686965339658853
Brazil,333412.46221215196,6524,3.4803753944709985,No,Historical,Winter,Winter,11.271574496308475
USA,201380.87218308618,6457,4.119081792017796,No,Urban,Winter,Spring,11.233405713461572
India,102717.84259244538,4677,3.186178648492099,Yes,Historical,Winter,Summer,11.031265948598202
France,439639.4817170139,696,4.674069204006517,Yes,Beach,Winter,Spring,11.669799490681433
China,98021.34540051836,4145,4.326983640526021,Yes,Urban,Summer,Summer,11.834867618178972
Egypt,67810.9579222752,6738,4.2190901477207134,Yes,Cultural,Spring,Winter,11.54919777723756
USA,459684.49232379155,9856,3.7739482302511744,Yes,Nature,Winter,Autumn,11.550865967845288
Brazil,14682.869146538604,1236,4.184235602299828,No,Adventure,Summer,Winter,11.838508824173916
India,328318.2006737711,5097,4.058304366571721,Yes,Urban,Summer,Spring,11.72807749548695
USA,76725.78004647174,3505,4.30959794042724,Yes,Cultural,Winter,Winter,11.988918069723697
Australia,264842.9047254974,3218,4.545902173509589,Yes,Historical,Summer,Summer,11.117066390463847
India,175553.7892465724,7095,3.243946824992809,Yes,Beach,Autumn,Spring,11.049409282997363
Australia,393390.41736401635,6492,4.427271806720493,Yes,Adventure,Spring,Spring,11.755945874949639
Brazil,39685.452044488586,3748,4.461909119875321,Yes,Urban,Winter,Spring,11.798054852344137
Egypt,21108.64929786655,3443,4.213692987342228,Yes,Cultural,Winter,Spring,11.583658699097064
Australia,400685.6195095955,9315,4.891564657153989,Yes,Historical,Winter,Spring,11.3911557749866
China,118575.82453521359,2219,3.200911375874224,No,Cultural,Autumn,Autumn,11.562360824956444
USA,158263.29504199186,7903,3.792876237616401,Yes,Urban,Spring,Autumn,11.974136767428677
Brazil,398853.07024499495,165,4.187389794113003,No,Historical,Winter,Spring,11.913934991632443
Egypt,209526.9716962833,4110,3.8709014142985256,Yes,Nature,Autumn,Autumn,11.011130926565988
USA,365697.48974913027,6122,4.425816047039502,Yes,Beach,Summer,Autumn,11.613537239476798
USA,424282.39372326003,181,3.398933125123493,Yes,Urban,Winter,Spring,11.914339704536905
Egypt,117890.81555549517,1643,4.120256982657689,Yes,Beach,Autumn,Autumn,11.193034689511904
Egypt,306645.60660986835,5560,3.6114320953172063,Yes,Cultural,Summer,Winter,11.648504096317739
France,486215.50988031895,6858,4.488070288738719,No,Historical,Summer,Autumn,11.183733949635513
Egypt,302411.6154341205,5214,3.342478665524963,Yes,Urban,Spring,Spring,11.925254794099482
Brazil,344612.48134281824,9228,4.890608393522136,Yes,Historical,Summer,Winter,11.587415453731266
Australia,31537.955579957157,162,3.4772487544725204,Yes,Historical,Autumn,Spring,11.012232996569095
Egypt,373423.8081038552,8897,4.600955221652407,Yes,Adventure,Autumn,Autumn,11.549580138891976
Australia,35248.94075837588,5502,4.168641546560249,Yes,Beach,Autumn,Spring,11.356895932057466
China,145700.958312081,8668,4.2300034360846,Yes,Beach,Summer,Summer,11.33642210604045
Australia,413273.1814291266,5274,4.13729667909736,No,Nature,Autumn,Summer,11.587073865384491
USA,360618.89817869716,3968,4.5841929230762455,Yes,Historical,Winter,Winter,11.469622612704537
China,295833.72413010715,6596,4.0240885910773345,Yes,Beach,Winter,Winter,11.094709175584459
India,371642.988568671,4205,4.397369836565741,Yes,Urban,Summer,Winter,11.267494503814548
Brazil,426557.9321561738,2765,3.1839623511150803,No,Beach,Summer,Winter,11.661776135101544
Brazil,416844.5412776156,1969,4.305839011239961,Yes,Historical,Winter,Spring,11.69663696445825
Brazil,388333.2902133365,9254,3.9632397212078194,Yes,Cultural,Summer,Winter,11.917350839391993
Egypt,386642.85225170944,8832,4.931225122888345,Yes,Cultural,Autumn,Winter,11.861567910665332
Brazil,471287.2608828918,1768,3.7841057799546665,Yes,Urban,Autumn,Spring,11.655428278254735
Brazil,140523.87822816067,9109,3.4786379477017686,No,Nature,Autumn,Winter,11.755473929862504
China,333432.9330356257,6242,3.2194127464315487,Yes,Nature,Winter,Winter,11.598523348210675
Australia,156141.82868435266,7738,4.845333433121069,Yes,Urban,Winter,Winter,11.200465372295724
Australia,10007.077992357934,7531,3.1835292346708206,Yes,Adventure,Autumn,Winter,11.278846247516139
USA,334242.16801710345,8808,4.821376319759329,Yes,Historical,Autumn,Autumn,11.136105320297574
India,104572.93455921444,3462,3.6449834200903304,Yes,Nature,Autumn,Winter,11.533427191274734
France,336719.58325713716,5825,4.526510859205079,No,Beach,Spring,Spring,11.099605915947642
France,299262.3629255356,1657,3.8559095145413314,Yes,Nature,Spring,Summer,11.776733956495931
Australia,79230.77515560405,6769,3.426701183780149,No,Beach,Winter,Summer,11.171297181750324
USA,159908.6844559715,2398,4.348949359464333,Yes,Urban,Spring,Autumn,11.329755768466189
India,253026.20790437437,7335,3.7250932290249,Yes,Beach,Summer,Autumn,11.498164110202731
India,348975.62022845657,5764,4.899970695261672,Yes,Beach,Summer,Autumn,11.349733979735754
Australia,80352.2150061994,4443,4.890029936993511,Yes,Adventure,Autumn,Autumn,11.53515308170916
India,278986.08695081895,2131,4.7104832016186124,Yes,Historical,Autumn,Spring,11.673976622591685
Brazil,162900.19203300058,8565,4.601390414363463,Yes,Nature,Summer,Spring,11.313023932210843
India,86121.72243964412,6227,3.1393716195783874,Yes,Nature,Summer,Summer,11.075626155199604
France,403014.578780851,2906,4.986581366425871,Yes,Urban,Summer,Winter,11.246996930571338
China,195310.60340379697,5986,4.431629488491433,Yes,Adventure,Summer,Summer,11.915012394335408
USA,289532.28566807124,5173,4.602777028340936,Yes,Historical,Autumn,Spring,11.481635959906967
Egypt,87302.55578072336,4082,4.149199792942648,Yes,Nature,Autumn,Summer,11.741582571312565
USA,89499.59198950786,2226,3.0213760218876367,Yes,Urban,Autumn,Autumn,11.627811118961503
Brazil,145138.64586415404,8459,4.9893085836679205,Yes,Historical,Spring,Summer,11.292930570648759
USA,331334.0724353155,6572,3.8849239611916424,Yes,Nature,Autumn,Spring,11.14133500369628
USA,363090.89855717757,1922,4.954027628574671,Yes,Historical,Summer,Autumn,11.01280886453662
France,396520.56169038184,6023,4.908619913186068,Yes,Nature,Spring,Summer,11.341575365752076
USA,446639.48013562075,8230,3.101186281364499,Yes,Adventure,Winter,Spring,11.83991869153027
Brazil,253628.0505939706,5111,3.355335387290001,Yes,Cultural,Winter,Spring,11.902893204917751
China,155633.3248127773,6717,3.5075278617919325,No,Historical,Winter,Spring,11.42556900137215
Brazil,366454.84703635,8943,3.9269438295503827,Yes,Urban,Summer,Autumn,11.085071101795531
France,296974.88900535397,6068,3.3587460483915423,Yes,Urban,Autumn,Autumn,11.26813769061553
Australia,74480.10455617133,7028,3.6991423080467465,Yes,Urban,Winter,Summer,11.34876731803315
Brazil,299451.5469142104,2955,3.740816151123762,Yes,Urban,Summer,Winter,11.092161006397689
Brazil,214715.61557524328,1010,3.940625543479366,No,Cultural,Spring,Autumn,11.418827333299136
Australia,99512.8885216211,2156,4.156426875121892,No,Beach,Winter,Spring,11.612849577467491
China,204773.85857496836,8872,4.452772140982966,Yes,Historical,Winter,Summer,11.939721897026464
Australia,458857.1400894538,8984,4.5257323812263195,Yes,Nature,Summer,Spring,11.186277124665047
India,306417.3736740587,3015,4.045929960508703,Yes,Historical,Autumn,Summer,11.23440729298333
USA,356908.5550222174,6711,3.080188471075516,Yes,Nature,Summer,Summer,11.17707340334625
China,313505.7809253645,8107,3.9748440558806024,Yes,Nature,Winter,Autumn,11.047960479123786
USA,27720.888543406072,2418,4.218283449136498,Yes,Nature,Summer,Autumn,11.890852661425347
USA,260946.7230805701,9852,4.134429430396114,Yes,Nature,Summer,Spring,11.010399927546853
Australia,230535.8999948816,307,3.9662013728455543,Yes,Historical,Spring,Winter,11.812544437987471
USA,137521.80379489085,992,3.63034831893724,Yes,Historical,Summer,Summer,11.15332019571165
Brazil,224861.21555428585,9994,4.350389273077841,Yes,Beach,Winter,Summer,11.237674053222758
China,457905.9213275605,4391,4.866541931867793,Yes,Beach,Winter,Summer,11.669423907046115
Australia,128752.13992693779,1694,4.110146730340424,Yes,Nature,Winter,Summer,11.977954428357526
USA,472099.20423543506,4796,4.4742779580788445,Yes,Urban,Summer,Spring,11.793287390661128
USA,106136.38607554385,8960,3.8558629455805002,Yes,Nature,Spring,Summer,11.841700755533234
China,119763.53992535807,861,4.089597080720068,Yes,Adventure,Autumn,Winter,11.501613961478677
India,304068.46392423584,846,3.0516246551832102,No,Cultural,Spring,Summer,11.419142286625107
India,398833.7988447861,3608,4.754764971388008,Yes,Beach,Spring,Summer,11.904121398198303
China,416251.17239626794,641,3.672175751283371,Yes,Cultural,Winter,Spring,11.930902121089273
Egypt,173528.59357628634,5121,4.335289986557685,Yes,Urban,Winter,Summer,11.245974837107411
Egypt,50572.11500767515,6888,4.996845417133465,No,Nature,Spring,Spring,11.007345060568742
India,369153.61080337485,9781,3.494889763145335,No,Adventure,Autumn,Autumn,11.608010994774926
China,487776.35996239434,7655,4.1607127578477,Yes,Urban,Autumn,Summer,11.706008664577507
Australia,222817.78161163186,6233,3.785820617529924,Yes,Nature,Winter,Autumn,11.490474846410756
India,406381.7990156806,8796,3.3957467818201206,Yes,Beach,Winter,Summer,11.710988227250336
